-- --------------------------------------------------------
-- Host:                         127.0.0.1
-- Server version:               8.0.30 - MySQL Community Server - GPL
-- Server OS:                    Win64
-- HeidiSQL Version:             12.1.0.6537
-- --------------------------------------------------------

/*!40101 SET @OLD_CHARACTER_SET_CLIENT=@@CHARACTER_SET_CLIENT */;
/*!40101 SET NAMES utf8 */;
/*!50503 SET NAMES utf8mb4 */;
/*!40103 SET @OLD_TIME_ZONE=@@TIME_ZONE */;
/*!40103 SET TIME_ZONE='+00:00' */;
/*!40014 SET @OLD_FOREIGN_KEY_CHECKS=@@FOREIGN_KEY_CHECKS, FOREIGN_KEY_CHECKS=0 */;
/*!40101 SET @OLD_SQL_MODE=@@SQL_MODE, SQL_MODE='NO_AUTO_VALUE_ON_ZERO' */;
/*!40111 SET @OLD_SQL_NOTES=@@SQL_NOTES, SQL_NOTES=0 */;

-- Dumping structure for table pcds2030_db.agency
CREATE TABLE IF NOT EXISTS `agency` (
  `agency_id` int NOT NULL AUTO_INCREMENT,
  `agency_name` varchar(255) NOT NULL,
  `created_at` timestamp NOT NULL DEFAULT CURRENT_TIMESTAMP,
  `updated_at` timestamp NOT NULL DEFAULT CURRENT_TIMESTAMP ON UPDATE CURRENT_TIMESTAMP,
  PRIMARY KEY (`agency_id`)
) ENGINE=InnoDB AUTO_INCREMENT=6 DEFAULT CHARSET=utf8mb4 COLLATE=utf8mb4_0900_ai_ci;

-- Dumping data for table pcds2030_db.agency: ~5 rows (approximately)
INSERT INTO `agency` (`agency_id`, `agency_name`, `created_at`, `updated_at`) VALUES
	(1, 'STIDC', '2025-07-04 10:00:00', '2025-07-04 10:00:00'),
	(2, 'SFC', '2025-07-04 10:00:00', '2025-07-04 10:00:00'),
	(3, 'FDS', '2025-07-04 10:00:00', '2025-07-04 10:00:00'),
	(4, 'admin', '2025-07-05 15:16:11', '2025-07-05 15:16:11'),
	(5, 'testagency', '2025-07-09 06:48:10', '2025-07-09 06:48:10');

-- Dumping structure for table pcds2030_db.audit_field_changes
CREATE TABLE IF NOT EXISTS `audit_field_changes` (
  `change_id` int NOT NULL AUTO_INCREMENT,
  `audit_log_id` int NOT NULL,
  `target_id` int DEFAULT NULL,
  `field_name` varchar(100) NOT NULL,
  `field_type` varchar(50) DEFAULT 'text' COMMENT 'text, number, date, boolean, json, etc.',
  `old_value` text,
  `new_value` text,
  `target_snapshot` json DEFAULT NULL,
  `change_type` enum('added','modified','removed') NOT NULL DEFAULT 'modified',
  `created_at` timestamp NOT NULL DEFAULT CURRENT_TIMESTAMP,
  PRIMARY KEY (`change_id`),
  KEY `idx_audit_log_id` (`audit_log_id`),
  KEY `idx_field_name` (`field_name`),
  KEY `idx_created_at` (`created_at`),
  KEY `idx_target_id` (`target_id`),
  CONSTRAINT `fk_audit_field_changes_log` FOREIGN KEY (`audit_log_id`) REFERENCES `audit_logs` (`id`) ON DELETE CASCADE
) ENGINE=InnoDB AUTO_INCREMENT=915 DEFAULT CHARSET=utf8mb4 COLLATE=utf8mb4_0900_ai_ci;

-- Dumping data for table pcds2030_db.audit_field_changes: ~906 rows (approximately)
INSERT INTO `audit_field_changes` (`change_id`, `audit_log_id`, `target_id`, `field_name`, `field_type`, `old_value`, `new_value`, `target_snapshot`, `change_type`, `created_at`) VALUES
	(1, 5, NULL, 'program_name', 'text', NULL, 'Test Program', NULL, 'added', '2025-07-05 15:34:01'),
	(2, 5, NULL, 'description', 'text', NULL, 'This is a test program', NULL, 'added', '2025-07-05 15:34:01'),
	(3, 5, NULL, 'status', 'text', NULL, 'active', NULL, 'added', '2025-07-05 15:34:01'),
	(4, 5, NULL, 'budget', 'integer', NULL, '100000', NULL, 'added', '2025-07-05 15:34:01'),
	(5, 5, NULL, 'start_date', 'date', NULL, '2024-01-01', NULL, 'added', '2025-07-05 15:34:01'),
	(6, 6, NULL, 'program_name', 'text', 'Test Program', 'Updated Test Program', NULL, 'modified', '2025-07-05 15:34:01'),
	(7, 6, NULL, 'description', 'text', 'This is a test program', 'This is an updated test program', NULL, 'modified', '2025-07-05 15:34:01'),
	(8, 6, NULL, 'status', 'text', 'active', 'completed', NULL, 'modified', '2025-07-05 15:34:01'),
	(9, 6, NULL, 'budget', 'integer', '100000', '150000', NULL, 'modified', '2025-07-05 15:34:01'),
	(10, 6, NULL, 'end_date', 'date', NULL, '2024-12-31', NULL, 'added', '2025-07-05 15:34:01'),
	(11, 7, NULL, 'program_name', 'text', 'Updated Test Program', NULL, NULL, 'removed', '2025-07-05 15:34:01'),
	(12, 7, NULL, 'description', 'text', 'This is an updated test program', NULL, NULL, 'removed', '2025-07-05 15:34:01'),
	(13, 7, NULL, 'status', 'text', 'completed', NULL, NULL, 'removed', '2025-07-05 15:34:01'),
	(14, 7, NULL, 'budget', 'integer', '150000', NULL, NULL, 'removed', '2025-07-05 15:34:01'),
	(15, 7, NULL, 'start_date', 'date', '2024-01-01', NULL, NULL, 'removed', '2025-07-05 15:34:01'),
	(16, 7, NULL, 'end_date', 'date', '2024-12-31', NULL, NULL, 'removed', '2025-07-05 15:34:01'),
	(17, 10, NULL, 'program_name', 'text', NULL, 'Enhanced Forestry Program', NULL, 'added', '2025-07-05 15:38:27'),
	(18, 10, NULL, 'description', 'text', NULL, 'This is a test program for enhanced audit logging', NULL, 'added', '2025-07-05 15:38:27'),
	(19, 10, NULL, 'status', 'text', NULL, 'active', NULL, 'added', '2025-07-05 15:38:27'),
	(20, 10, NULL, 'budget', 'integer', NULL, '100000', NULL, 'added', '2025-07-05 15:38:27'),
	(21, 10, NULL, 'start_date', 'date', NULL, '2024-01-01', NULL, 'added', '2025-07-05 15:38:27'),
	(22, 11, NULL, 'program_name', 'text', 'Enhanced Forestry Program', 'Updated Enhanced Forestry Program', NULL, 'modified', '2025-07-05 15:38:27'),
	(23, 11, NULL, 'description', 'text', 'This is a test program for enhanced audit logging', 'This is an updated test program for enhanced audit logging', NULL, 'modified', '2025-07-05 15:38:27'),
	(24, 11, NULL, 'status', 'text', 'active', 'completed', NULL, 'modified', '2025-07-05 15:38:27'),
	(25, 11, NULL, 'budget', 'integer', '100000', '150000', NULL, 'modified', '2025-07-05 15:38:27'),
	(26, 11, NULL, 'end_date', 'date', NULL, '2024-12-31', NULL, 'added', '2025-07-05 15:38:27'),
	(27, 12, NULL, 'program_name', 'text', 'Updated Enhanced Forestry Program', NULL, NULL, 'removed', '2025-07-05 15:38:27'),
	(28, 12, NULL, 'description', 'text', 'This is an updated test program for enhanced audit logging', NULL, NULL, 'removed', '2025-07-05 15:38:27'),
	(29, 12, NULL, 'status', 'text', 'completed', NULL, NULL, 'removed', '2025-07-05 15:38:27'),
	(30, 12, NULL, 'budget', 'integer', '150000', NULL, NULL, 'removed', '2025-07-05 15:38:27'),
	(31, 12, NULL, 'start_date', 'date', '2024-01-01', NULL, NULL, 'removed', '2025-07-05 15:38:27'),
	(32, 12, NULL, 'end_date', 'date', '2024-12-31', NULL, NULL, 'removed', '2025-07-05 15:38:27'),
	(33, 14, NULL, 'program_name', 'text', NULL, 'Enhanced Forestry Program', NULL, 'added', '2025-07-05 15:39:09'),
	(34, 14, NULL, 'description', 'text', NULL, 'This is a test program for enhanced audit logging', NULL, 'added', '2025-07-05 15:39:09'),
	(35, 14, NULL, 'status', 'text', NULL, 'active', NULL, 'added', '2025-07-05 15:39:09'),
	(36, 14, NULL, 'budget', 'integer', NULL, '100000', NULL, 'added', '2025-07-05 15:39:09'),
	(37, 14, NULL, 'start_date', 'date', NULL, '2024-01-01', NULL, 'added', '2025-07-05 15:39:09'),
	(38, 15, NULL, 'program_name', 'text', 'Enhanced Forestry Program', 'Updated Enhanced Forestry Program', NULL, 'modified', '2025-07-05 15:39:09'),
	(39, 15, NULL, 'description', 'text', 'This is a test program for enhanced audit logging', 'This is an updated test program for enhanced audit logging', NULL, 'modified', '2025-07-05 15:39:09'),
	(40, 15, NULL, 'status', 'text', 'active', 'completed', NULL, 'modified', '2025-07-05 15:39:09'),
	(41, 15, NULL, 'budget', 'integer', '100000', '150000', NULL, 'modified', '2025-07-05 15:39:09'),
	(42, 15, NULL, 'end_date', 'date', NULL, '2024-12-31', NULL, 'added', '2025-07-05 15:39:09'),
	(43, 16, NULL, 'program_name', 'text', 'Updated Enhanced Forestry Program', NULL, NULL, 'removed', '2025-07-05 15:39:09'),
	(44, 16, NULL, 'description', 'text', 'This is an updated test program for enhanced audit logging', NULL, NULL, 'removed', '2025-07-05 15:39:09'),
	(45, 16, NULL, 'status', 'text', 'completed', NULL, NULL, 'removed', '2025-07-05 15:39:09'),
	(46, 16, NULL, 'budget', 'integer', '150000', NULL, NULL, 'removed', '2025-07-05 15:39:09'),
	(47, 16, NULL, 'start_date', 'date', '2024-01-01', NULL, NULL, 'removed', '2025-07-05 15:39:09'),
	(48, 16, NULL, 'end_date', 'date', '2024-12-31', NULL, NULL, 'removed', '2025-07-05 15:39:09'),
	(49, 91, NULL, 'target_number', 'text', '311', '312', NULL, 'modified', '2025-07-10 03:26:19'),
	(50, 91, NULL, 'target_description', 'text', 'target 1', 'target 1AAaaa', NULL, 'modified', '2025-07-10 03:26:19'),
	(51, 91, NULL, 'status_indicator', 'text', 'not_started', NULL, NULL, 'modified', '2025-07-10 03:26:19'),
	(52, 91, NULL, 'remarks', 'text', '', 'reamakskksks', NULL, 'modified', '2025-07-10 03:26:19'),
	(53, 91, NULL, 'start_date', 'date', NULL, '2025-07-03', NULL, 'modified', '2025-07-10 03:26:19'),
	(54, 91, NULL, 'end_date', 'date', NULL, '2025-07-09', NULL, 'modified', '2025-07-10 03:26:19'),
	(55, 91, NULL, 'status_indicator', 'text', 'delayed', NULL, NULL, 'modified', '2025-07-10 03:26:19'),
	(56, 91, NULL, 'target_number', 'text', NULL, '312', NULL, 'added', '2025-07-10 03:26:19'),
	(57, 91, NULL, 'target_description', 'text', NULL, 'target 1AAaaa', NULL, 'added', '2025-07-10 03:26:19'),
	(58, 91, NULL, 'status_description', 'text', NULL, 'status 1', NULL, 'added', '2025-07-10 03:26:19'),
	(59, 91, NULL, 'remarks', 'text', NULL, 'reamakskksks', NULL, 'added', '2025-07-10 03:26:19'),
	(60, 91, NULL, 'start_date', 'date', NULL, '2025-07-03', NULL, 'added', '2025-07-10 03:26:19'),
	(61, 91, NULL, 'end_date', 'date', NULL, '2025-07-09', NULL, 'added', '2025-07-10 03:26:19'),
	(62, 91, NULL, 'target_number', 'text', NULL, '', NULL, 'added', '2025-07-10 03:26:19'),
	(63, 91, NULL, 'target_description', 'text', NULL, 'ataassa', NULL, 'added', '2025-07-10 03:26:19'),
	(64, 91, NULL, 'status_description', 'text', NULL, 'afafasf', NULL, 'added', '2025-07-10 03:26:19'),
	(65, 91, NULL, 'remarks', 'text', NULL, 'aasdasadda', NULL, 'added', '2025-07-10 03:26:19'),
	(66, 91, NULL, 'start_date', 'date', NULL, '2025-07-03', NULL, 'added', '2025-07-10 03:26:19'),
	(67, 91, NULL, 'end_date', 'date', NULL, '2025-07-10', NULL, 'added', '2025-07-10 03:26:19'),
	(96, 97, NULL, 'status_indicator', 'text', 'in_progress', NULL, NULL, 'modified', '2025-07-10 05:44:40'),
	(97, 97, NULL, 'remarks', 'text', NULL, '', NULL, 'modified', '2025-07-10 05:44:40'),
	(98, 97, NULL, 'status_indicator', 'text', 'completed', NULL, NULL, 'modified', '2025-07-10 05:44:40'),
	(99, 97, NULL, 'remarks', 'text', NULL, '', NULL, 'modified', '2025-07-10 05:44:40'),
	(100, 97, NULL, 'target_number', 'text', NULL, 'asd', NULL, 'added', '2025-07-10 05:44:40'),
	(101, 97, NULL, 'target_description', 'text', NULL, 'asdasd', NULL, 'added', '2025-07-10 05:44:40'),
	(102, 97, NULL, 'status_description', 'text', NULL, 'asd', NULL, 'added', '2025-07-10 05:44:40'),
	(103, 97, NULL, 'remarks', 'text', NULL, '', NULL, 'added', '2025-07-10 05:44:40'),
	(104, 97, NULL, 'target_number', 'text', NULL, 'asd', NULL, 'added', '2025-07-10 05:44:40'),
	(105, 97, NULL, 'target_description', 'text', NULL, 'asd', NULL, 'added', '2025-07-10 05:44:40'),
	(106, 97, NULL, 'status_description', 'text', NULL, 'asd', NULL, 'added', '2025-07-10 05:44:40'),
	(107, 97, NULL, 'remarks', 'text', NULL, '', NULL, 'added', '2025-07-10 05:44:40'),
	(108, 102, NULL, 'target_description', 'text', 'target 1', 'target sajaja', NULL, 'modified', '2025-07-10 05:48:09'),
	(109, 102, NULL, 'status_indicator', 'text', 'in_progress', NULL, NULL, 'modified', '2025-07-10 05:48:09'),
	(110, 102, NULL, 'remarks', 'text', NULL, '', NULL, 'modified', '2025-07-10 05:48:09'),
	(111, 102, NULL, 'target_number', 'text', NULL, '123', NULL, 'added', '2025-07-10 05:48:09'),
	(112, 102, NULL, 'target_description', 'text', NULL, 'target sajaja', NULL, 'added', '2025-07-10 05:48:09'),
	(113, 102, NULL, 'status_description', 'text', NULL, 'status description sahaaj', NULL, 'added', '2025-07-10 05:48:09'),
	(114, 102, NULL, 'remarks', 'text', NULL, '', NULL, 'added', '2025-07-10 05:48:09'),
	(115, 103, NULL, 'target_description', 'text', 'target sajaja', 'target', NULL, 'modified', '2025-07-10 06:00:26'),
	(116, 103, NULL, 'status_indicator', 'text', 'in_progress', NULL, NULL, 'modified', '2025-07-10 06:00:26'),
	(117, 103, NULL, 'remarks', 'text', '', 'remarkdss', NULL, 'modified', '2025-07-10 06:00:26'),
	(118, 103, NULL, 'status_indicator', 'text', 'in_progress', NULL, NULL, 'modified', '2025-07-10 06:00:26'),
	(119, 103, NULL, 'target_number', 'text', NULL, '123', NULL, 'added', '2025-07-10 06:00:26'),
	(120, 103, NULL, 'target_description', 'text', NULL, 'target', NULL, 'added', '2025-07-10 06:00:26'),
	(121, 103, NULL, 'status_description', 'text', NULL, 'status description sahaaj', NULL, 'added', '2025-07-10 06:00:26'),
	(122, 103, NULL, 'remarks', 'text', NULL, 'remarkdss', NULL, 'added', '2025-07-10 06:00:26'),
	(123, 103, NULL, 'target_number', 'text', NULL, '123', NULL, 'added', '2025-07-10 06:00:26'),
	(124, 103, NULL, 'target_description', 'text', NULL, 'target sajaja', NULL, 'added', '2025-07-10 06:00:26'),
	(125, 103, NULL, 'status_description', 'text', NULL, 'status description sahaaj', NULL, 'added', '2025-07-10 06:00:26'),
	(126, 103, NULL, 'remarks', 'text', NULL, '', NULL, 'added', '2025-07-10 06:00:26'),
	(127, 104, NULL, 'target_description', 'text', 'target', 'target saga', NULL, 'modified', '2025-07-10 06:22:42'),
	(128, 104, NULL, 'status_indicator', 'text', 'in_progress', NULL, NULL, 'modified', '2025-07-10 06:22:42'),
	(129, 104, NULL, 'status_indicator', 'text', 'in_progress', NULL, NULL, 'modified', '2025-07-10 06:22:42'),
	(130, 104, NULL, 'status_indicator', 'text', 'in_progress', NULL, NULL, 'modified', '2025-07-10 06:22:42'),
	(131, 104, NULL, 'status_indicator', 'text', 'in_progress', NULL, NULL, 'modified', '2025-07-10 06:22:42'),
	(132, 104, NULL, 'target_number', 'text', NULL, '123', NULL, 'added', '2025-07-10 06:22:42'),
	(133, 104, NULL, 'target_description', 'text', NULL, 'target saga', NULL, 'added', '2025-07-10 06:22:42'),
	(134, 104, NULL, 'status_description', 'text', NULL, 'status description sahaaj', NULL, 'added', '2025-07-10 06:22:42'),
	(135, 104, NULL, 'remarks', 'text', NULL, 'remarkdss', NULL, 'added', '2025-07-10 06:22:42'),
	(136, 104, NULL, 'target_number', 'text', NULL, '123', NULL, 'added', '2025-07-10 06:22:42'),
	(137, 104, NULL, 'target_description', 'text', NULL, 'target sajaja', NULL, 'added', '2025-07-10 06:22:42'),
	(138, 104, NULL, 'status_description', 'text', NULL, 'status description sahaaj', NULL, 'added', '2025-07-10 06:22:42'),
	(139, 104, NULL, 'remarks', 'text', NULL, '', NULL, 'added', '2025-07-10 06:22:42'),
	(140, 104, NULL, 'target_number', 'text', NULL, '123', NULL, 'added', '2025-07-10 06:22:42'),
	(141, 104, NULL, 'target_description', 'text', NULL, 'target', NULL, 'added', '2025-07-10 06:22:42'),
	(142, 104, NULL, 'status_description', 'text', NULL, 'status description sahaaj', NULL, 'added', '2025-07-10 06:22:42'),
	(143, 104, NULL, 'remarks', 'text', NULL, 'remarkdss', NULL, 'added', '2025-07-10 06:22:42'),
	(144, 104, NULL, 'target_number', 'text', NULL, '123', NULL, 'added', '2025-07-10 06:22:42'),
	(145, 104, NULL, 'target_description', 'text', NULL, 'target sajaja', NULL, 'added', '2025-07-10 06:22:42'),
	(146, 104, NULL, 'status_description', 'text', NULL, 'status description sahaaj', NULL, 'added', '2025-07-10 06:22:42'),
	(147, 104, NULL, 'remarks', 'text', NULL, '', NULL, 'added', '2025-07-10 06:22:42'),
	(150, 106, NULL, 'target_description', 'text', 'target saga', 'target sajaaaa', NULL, 'modified', '2025-07-10 06:31:00'),
	(151, 106, NULL, 'status_indicator', 'text', 'in_progress', NULL, NULL, 'modified', '2025-07-10 06:31:00'),
	(152, 106, NULL, 'target_number', 'text', '123', NULL, NULL, 'removed', '2025-07-10 06:31:00'),
	(153, 106, NULL, 'target_description', 'text', 'target sajaja', NULL, NULL, 'removed', '2025-07-10 06:31:00'),
	(154, 106, NULL, 'status_indicator', 'text', 'in_progress', NULL, NULL, 'removed', '2025-07-10 06:31:00'),
	(155, 106, NULL, 'status_description', 'text', 'status description sahaaj', NULL, NULL, 'removed', '2025-07-10 06:31:00'),
	(156, 106, NULL, 'remarks', 'text', '', NULL, NULL, 'removed', '2025-07-10 06:31:00'),
	(157, 106, NULL, 'target_number', 'text', '123', NULL, NULL, 'removed', '2025-07-10 06:31:00'),
	(158, 106, NULL, 'target_description', 'text', 'target', NULL, NULL, 'removed', '2025-07-10 06:31:00'),
	(159, 106, NULL, 'status_indicator', 'text', 'in_progress', NULL, NULL, 'removed', '2025-07-10 06:31:00'),
	(160, 106, NULL, 'status_description', 'text', 'status description sahaaj', NULL, NULL, 'removed', '2025-07-10 06:31:00'),
	(161, 106, NULL, 'remarks', 'text', 'remarkdss', NULL, NULL, 'removed', '2025-07-10 06:31:00'),
	(162, 106, NULL, 'target_number', 'text', '123', NULL, NULL, 'removed', '2025-07-10 06:31:00'),
	(163, 106, NULL, 'target_description', 'text', 'target sajaja', NULL, NULL, 'removed', '2025-07-10 06:31:00'),
	(164, 106, NULL, 'status_indicator', 'text', 'in_progress', NULL, NULL, 'removed', '2025-07-10 06:31:00'),
	(165, 106, NULL, 'status_description', 'text', 'status description sahaaj', NULL, NULL, 'removed', '2025-07-10 06:31:00'),
	(166, 106, NULL, 'remarks', 'text', '', NULL, NULL, 'removed', '2025-07-10 06:31:00'),
	(167, 106, NULL, 'target_number', 'text', '123', NULL, NULL, 'removed', '2025-07-10 06:31:00'),
	(168, 106, NULL, 'target_description', 'text', 'target saga', NULL, NULL, 'removed', '2025-07-10 06:31:00'),
	(169, 106, NULL, 'status_indicator', 'text', 'in_progress', NULL, NULL, 'removed', '2025-07-10 06:31:00'),
	(170, 106, NULL, 'status_description', 'text', 'status description sahaaj', NULL, NULL, 'removed', '2025-07-10 06:31:00'),
	(171, 106, NULL, 'remarks', 'text', 'remarkdss', NULL, NULL, 'removed', '2025-07-10 06:31:00'),
	(172, 106, NULL, 'target_number', 'text', '123', NULL, NULL, 'removed', '2025-07-10 06:31:00'),
	(173, 106, NULL, 'target_description', 'text', 'target sajaja', NULL, NULL, 'removed', '2025-07-10 06:31:00'),
	(174, 106, NULL, 'status_indicator', 'text', 'in_progress', NULL, NULL, 'removed', '2025-07-10 06:31:00'),
	(175, 106, NULL, 'status_description', 'text', 'status description sahaaj', NULL, NULL, 'removed', '2025-07-10 06:31:00'),
	(176, 106, NULL, 'remarks', 'text', '', NULL, NULL, 'removed', '2025-07-10 06:31:00'),
	(177, 106, NULL, 'target_number', 'text', '123', NULL, NULL, 'removed', '2025-07-10 06:31:00'),
	(178, 106, NULL, 'target_description', 'text', 'target', NULL, NULL, 'removed', '2025-07-10 06:31:00'),
	(179, 106, NULL, 'status_indicator', 'text', 'in_progress', NULL, NULL, 'removed', '2025-07-10 06:31:00'),
	(180, 106, NULL, 'status_description', 'text', 'status description sahaaj', NULL, NULL, 'removed', '2025-07-10 06:31:00'),
	(181, 106, NULL, 'remarks', 'text', 'remarkdss', NULL, NULL, 'removed', '2025-07-10 06:31:00'),
	(182, 106, NULL, 'target_number', 'text', '123', NULL, NULL, 'removed', '2025-07-10 06:31:00'),
	(183, 106, NULL, 'target_description', 'text', 'target sajaja', NULL, NULL, 'removed', '2025-07-10 06:31:00'),
	(184, 106, NULL, 'status_indicator', 'text', 'in_progress', NULL, NULL, 'removed', '2025-07-10 06:31:00'),
	(185, 106, NULL, 'status_description', 'text', 'status description sahaaj', NULL, NULL, 'removed', '2025-07-10 06:31:00'),
	(186, 106, NULL, 'remarks', 'text', '', NULL, NULL, 'removed', '2025-07-10 06:31:00'),
	(187, 106, NULL, 'target_number', 'text', NULL, '123', NULL, 'added', '2025-07-10 06:31:00'),
	(188, 106, NULL, 'target_description', 'text', NULL, 'target sajaaaa', NULL, 'added', '2025-07-10 06:31:00'),
	(189, 106, NULL, 'status_description', 'text', NULL, 'status description sahaaj', NULL, 'added', '2025-07-10 06:31:00'),
	(190, 106, NULL, 'remarks', 'text', NULL, 'remarkdss', NULL, 'added', '2025-07-10 06:31:00'),
	(191, 107, NULL, 'target_number', 'text', NULL, '123', NULL, 'added', '2025-07-10 06:38:16'),
	(192, 107, NULL, 'target_description', 'text', NULL, 'target sajaaaa', NULL, 'added', '2025-07-10 06:38:16'),
	(193, 107, NULL, 'status_description', 'text', NULL, 'status description sahaaj', NULL, 'added', '2025-07-10 06:38:16'),
	(194, 107, NULL, 'remarks', 'text', NULL, 'remarkdss', NULL, 'added', '2025-07-10 06:38:16'),
	(195, 107, NULL, 'target_number', 'text', '123', NULL, NULL, 'removed', '2025-07-10 06:38:16'),
	(196, 107, NULL, 'target_description', 'text', 'target sajaaaa', NULL, NULL, 'removed', '2025-07-10 06:38:16'),
	(197, 107, NULL, 'status_indicator', 'text', 'in_progress', NULL, NULL, 'removed', '2025-07-10 06:38:16'),
	(198, 107, NULL, 'status_description', 'text', 'status description sahaaj', NULL, NULL, 'removed', '2025-07-10 06:38:16'),
	(199, 107, NULL, 'remarks', 'text', 'remarkdss', NULL, NULL, 'removed', '2025-07-10 06:38:16'),
	(200, 107, NULL, 'target_number', 'text', '123', NULL, NULL, 'removed', '2025-07-10 06:38:16'),
	(201, 107, NULL, 'target_description', 'text', 'target sajaaaa', NULL, NULL, 'removed', '2025-07-10 06:38:16'),
	(202, 107, NULL, 'status_indicator', 'text', 'in_progress', NULL, NULL, 'removed', '2025-07-10 06:38:16'),
	(203, 107, NULL, 'status_description', 'text', 'status description sahaaj', NULL, NULL, 'removed', '2025-07-10 06:38:16'),
	(204, 107, NULL, 'remarks', 'text', 'remarkdss', NULL, NULL, 'removed', '2025-07-10 06:38:16'),
	(205, 107, NULL, 'target_number', 'text', NULL, '123', NULL, 'added', '2025-07-10 06:38:16'),
	(206, 107, NULL, 'target_description', 'text', NULL, 'target sajaaaa', NULL, 'added', '2025-07-10 06:38:16'),
	(207, 107, NULL, 'status_description', 'text', NULL, 'status description sahaaj', NULL, 'added', '2025-07-10 06:38:16'),
	(208, 107, NULL, 'remarks', 'text', NULL, 'remarkdss', NULL, 'added', '2025-07-10 06:38:16'),
	(209, 108, NULL, 'target_number', 'text', NULL, '123', NULL, 'added', '2025-07-10 06:38:33'),
	(210, 108, NULL, 'target_description', 'text', NULL, 'target sajaaaa', NULL, 'added', '2025-07-10 06:38:33'),
	(211, 108, NULL, 'status_description', 'text', NULL, 'status description sahaaj', NULL, 'added', '2025-07-10 06:38:33'),
	(212, 108, NULL, 'remarks', 'text', NULL, 'remarkdss', NULL, 'added', '2025-07-10 06:38:33'),
	(213, 108, NULL, 'target_number', 'text', '123', NULL, NULL, 'removed', '2025-07-10 06:38:33'),
	(214, 108, NULL, 'target_description', 'text', 'target sajaaaa', NULL, NULL, 'removed', '2025-07-10 06:38:33'),
	(215, 108, NULL, 'status_indicator', 'text', 'in_progress', NULL, NULL, 'removed', '2025-07-10 06:38:33'),
	(216, 108, NULL, 'status_description', 'text', 'status description sahaaj', NULL, NULL, 'removed', '2025-07-10 06:38:33'),
	(217, 108, NULL, 'remarks', 'text', 'remarkdss', NULL, NULL, 'removed', '2025-07-10 06:38:33'),
	(218, 108, NULL, 'target_number', 'text', '123', NULL, NULL, 'removed', '2025-07-10 06:38:33'),
	(219, 108, NULL, 'target_description', 'text', 'target sajaaaa', NULL, NULL, 'removed', '2025-07-10 06:38:33'),
	(220, 108, NULL, 'status_indicator', 'text', 'in_progress', NULL, NULL, 'removed', '2025-07-10 06:38:33'),
	(221, 108, NULL, 'status_description', 'text', 'status description sahaaj', NULL, NULL, 'removed', '2025-07-10 06:38:33'),
	(222, 108, NULL, 'remarks', 'text', 'remarkdss', NULL, NULL, 'removed', '2025-07-10 06:38:33'),
	(223, 108, NULL, 'target_number', 'text', NULL, '123', NULL, 'added', '2025-07-10 06:38:33'),
	(224, 108, NULL, 'target_description', 'text', NULL, 'target sajaaaa', NULL, 'added', '2025-07-10 06:38:33'),
	(225, 108, NULL, 'status_description', 'text', NULL, 'status description sahaaj', NULL, 'added', '2025-07-10 06:38:33'),
	(226, 108, NULL, 'remarks', 'text', NULL, 'remarkdss', NULL, 'added', '2025-07-10 06:38:33'),
	(227, 109, NULL, 'target_number', 'text', NULL, '123', NULL, 'added', '2025-07-10 06:43:53'),
	(228, 109, NULL, 'target_description', 'text', NULL, 'target sajaaaa', NULL, 'added', '2025-07-10 06:43:53'),
	(229, 109, NULL, 'status_description', 'text', NULL, 'status description sahaaj', NULL, 'added', '2025-07-10 06:43:53'),
	(230, 109, NULL, 'remarks', 'text', NULL, 'remarksyyyy', NULL, 'added', '2025-07-10 06:43:53'),
	(231, 109, NULL, 'target_number', 'text', '123', NULL, NULL, 'removed', '2025-07-10 06:43:53'),
	(232, 109, NULL, 'target_description', 'text', 'target sajaaaa', NULL, NULL, 'removed', '2025-07-10 06:43:53'),
	(233, 109, NULL, 'status_indicator', 'text', 'in_progress', NULL, NULL, 'removed', '2025-07-10 06:43:53'),
	(234, 109, NULL, 'status_description', 'text', 'status description sahaaj', NULL, NULL, 'removed', '2025-07-10 06:43:53'),
	(235, 109, NULL, 'remarks', 'text', 'remarkdss', NULL, NULL, 'removed', '2025-07-10 06:43:53'),
	(236, 109, NULL, 'target_number', 'text', NULL, '123', NULL, 'added', '2025-07-10 06:43:53'),
	(237, 109, NULL, 'target_description', 'text', NULL, 'target sajaaaa', NULL, 'added', '2025-07-10 06:43:53'),
	(238, 109, NULL, 'status_description', 'text', NULL, 'status description sahaaj', NULL, 'added', '2025-07-10 06:43:53'),
	(239, 109, NULL, 'remarks', 'text', NULL, 'remarksyyyy', NULL, 'added', '2025-07-10 06:43:53'),
	(240, 110, NULL, 'target_number', 'text', NULL, '123', NULL, 'added', '2025-07-10 06:45:58'),
	(241, 110, NULL, 'target_description', 'text', NULL, 'target sajaaaa', NULL, 'added', '2025-07-10 06:45:58'),
	(242, 110, NULL, 'status_description', 'text', NULL, 'status description sahaaj', NULL, 'added', '2025-07-10 06:45:58'),
	(243, 110, NULL, 'remarks', 'text', NULL, 'remarksyyyy', NULL, 'added', '2025-07-10 06:45:58'),
	(244, 110, NULL, 'target_number', 'text', '123', NULL, NULL, 'removed', '2025-07-10 06:45:58'),
	(245, 110, NULL, 'target_description', 'text', 'target sajaaaa', NULL, NULL, 'removed', '2025-07-10 06:45:58'),
	(246, 110, NULL, 'status_indicator', 'text', 'in_progress', NULL, NULL, 'removed', '2025-07-10 06:45:58'),
	(247, 110, NULL, 'status_description', 'text', 'status description sahaaj', NULL, NULL, 'removed', '2025-07-10 06:45:58'),
	(248, 110, NULL, 'remarks', 'text', 'remarksyyyy', NULL, NULL, 'removed', '2025-07-10 06:45:58'),
	(249, 110, NULL, 'target_number', 'text', '123', NULL, NULL, 'removed', '2025-07-10 06:45:58'),
	(250, 110, NULL, 'target_description', 'text', 'target sajaaaa', NULL, NULL, 'removed', '2025-07-10 06:45:58'),
	(251, 110, NULL, 'status_indicator', 'text', 'in_progress', NULL, NULL, 'removed', '2025-07-10 06:45:58'),
	(252, 110, NULL, 'status_description', 'text', 'status description sahaaj', NULL, NULL, 'removed', '2025-07-10 06:45:58'),
	(253, 110, NULL, 'remarks', 'text', 'remarksyyyy', NULL, NULL, 'removed', '2025-07-10 06:45:58'),
	(254, 110, NULL, 'target_number', 'text', NULL, '123', NULL, 'added', '2025-07-10 06:45:58'),
	(255, 110, NULL, 'target_description', 'text', NULL, 'target sajaaaa', NULL, 'added', '2025-07-10 06:45:58'),
	(256, 110, NULL, 'status_description', 'text', NULL, 'status description sahaaj', NULL, 'added', '2025-07-10 06:45:58'),
	(257, 110, NULL, 'remarks', 'text', NULL, 'remarksyyyy', NULL, 'added', '2025-07-10 06:45:58'),
	(258, 111, NULL, 'target_number', 'text', NULL, '123', NULL, 'added', '2025-07-10 06:48:16'),
	(259, 111, NULL, 'target_description', 'text', NULL, 'target sajaaaa', NULL, 'added', '2025-07-10 06:48:16'),
	(260, 111, NULL, 'status_description', 'text', NULL, 'status description sahaaj', NULL, 'added', '2025-07-10 06:48:16'),
	(261, 111, NULL, 'remarks', 'text', NULL, 'remarksyyyy', NULL, 'added', '2025-07-10 06:48:16'),
	(262, 111, NULL, 'target_number', 'text', '123', NULL, NULL, 'removed', '2025-07-10 06:48:16'),
	(263, 111, NULL, 'target_description', 'text', 'target sajaaaa', NULL, NULL, 'removed', '2025-07-10 06:48:16'),
	(264, 111, NULL, 'status_indicator', 'text', 'in_progress', NULL, NULL, 'removed', '2025-07-10 06:48:16'),
	(265, 111, NULL, 'status_description', 'text', 'status description sahaaj', NULL, NULL, 'removed', '2025-07-10 06:48:16'),
	(266, 111, NULL, 'remarks', 'text', 'remarksyyyy', NULL, NULL, 'removed', '2025-07-10 06:48:16'),
	(267, 111, NULL, 'target_number', 'text', '123', NULL, NULL, 'removed', '2025-07-10 06:48:16'),
	(268, 111, NULL, 'target_description', 'text', 'target sajaaaa', NULL, NULL, 'removed', '2025-07-10 06:48:16'),
	(269, 111, NULL, 'status_indicator', 'text', 'in_progress', NULL, NULL, 'removed', '2025-07-10 06:48:16'),
	(270, 111, NULL, 'status_description', 'text', 'status description sahaaj', NULL, NULL, 'removed', '2025-07-10 06:48:16'),
	(271, 111, NULL, 'remarks', 'text', 'remarksyyyy', NULL, NULL, 'removed', '2025-07-10 06:48:16'),
	(272, 111, NULL, 'target_number', 'text', NULL, '123', NULL, 'added', '2025-07-10 06:48:16'),
	(273, 111, NULL, 'target_description', 'text', NULL, 'target sajaaaa', NULL, 'added', '2025-07-10 06:48:16'),
	(274, 111, NULL, 'status_description', 'text', NULL, 'status description sahaaj', NULL, 'added', '2025-07-10 06:48:16'),
	(275, 111, NULL, 'remarks', 'text', NULL, 'remarksyyyy', NULL, 'added', '2025-07-10 06:48:16'),
	(276, 112, NULL, 'target_number', 'text', NULL, '123', NULL, 'added', '2025-07-10 06:53:19'),
	(277, 112, NULL, 'target_description', 'text', NULL, 'target sajaaaa', NULL, 'added', '2025-07-10 06:53:19'),
	(278, 112, NULL, 'status_description', 'text', NULL, 'status description sahaaj', NULL, 'added', '2025-07-10 06:53:19'),
	(279, 112, NULL, 'remarks', 'text', NULL, 'remarksyyyy', NULL, 'added', '2025-07-10 06:53:19'),
	(280, 112, NULL, 'target_number', 'text', '123', NULL, NULL, 'removed', '2025-07-10 06:53:19'),
	(281, 112, NULL, 'target_description', 'text', 'target sajaaaa', NULL, NULL, 'removed', '2025-07-10 06:53:19'),
	(282, 112, NULL, 'status_indicator', 'text', 'in_progress', NULL, NULL, 'removed', '2025-07-10 06:53:19'),
	(283, 112, NULL, 'status_description', 'text', 'status description sahaaj', NULL, NULL, 'removed', '2025-07-10 06:53:19'),
	(284, 112, NULL, 'remarks', 'text', 'remarksyyyy', NULL, NULL, 'removed', '2025-07-10 06:53:19'),
	(285, 112, NULL, 'target_number', 'text', '123', NULL, NULL, 'removed', '2025-07-10 06:53:19'),
	(286, 112, NULL, 'target_description', 'text', 'target sajaaaa', NULL, NULL, 'removed', '2025-07-10 06:53:19'),
	(287, 112, NULL, 'status_indicator', 'text', 'in_progress', NULL, NULL, 'removed', '2025-07-10 06:53:19'),
	(288, 112, NULL, 'status_description', 'text', 'status description sahaaj', NULL, NULL, 'removed', '2025-07-10 06:53:19'),
	(289, 112, NULL, 'remarks', 'text', 'remarksyyyy', NULL, NULL, 'removed', '2025-07-10 06:53:19'),
	(290, 113, NULL, 'target_number', 'text', NULL, '123', NULL, 'added', '2025-07-10 06:53:46'),
	(291, 113, NULL, 'target_description', 'text', NULL, 'target sajaaaa', NULL, 'added', '2025-07-10 06:53:46'),
	(292, 113, NULL, 'status_description', 'text', NULL, 'status description 123333', NULL, 'added', '2025-07-10 06:53:46'),
	(293, 113, NULL, 'remarks', 'text', NULL, 'remarksyyyy', NULL, 'added', '2025-07-10 06:53:46'),
	(294, 113, NULL, 'target_number', 'text', '123', NULL, NULL, 'removed', '2025-07-10 06:53:46'),
	(295, 113, NULL, 'target_description', 'text', 'target sajaaaa', NULL, NULL, 'removed', '2025-07-10 06:53:46'),
	(296, 113, NULL, 'status_indicator', 'text', 'in_progress', NULL, NULL, 'removed', '2025-07-10 06:53:46'),
	(297, 113, NULL, 'status_description', 'text', 'status description sahaaj', NULL, NULL, 'removed', '2025-07-10 06:53:46'),
	(298, 113, NULL, 'remarks', 'text', 'remarksyyyy', NULL, NULL, 'removed', '2025-07-10 06:53:46'),
	(299, 114, NULL, 'target_number', 'text', NULL, '123', NULL, 'added', '2025-07-10 06:54:18'),
	(300, 114, NULL, 'target_description', 'text', NULL, 'target sajaaaa', NULL, 'added', '2025-07-10 06:54:18'),
	(301, 114, NULL, 'status_description', 'text', NULL, 'status description 123333', NULL, 'added', '2025-07-10 06:54:18'),
	(302, 114, NULL, 'remarks', 'text', NULL, 'remark', NULL, 'added', '2025-07-10 06:54:18'),
	(303, 114, NULL, 'target_number', 'text', '123', NULL, NULL, 'removed', '2025-07-10 06:54:18'),
	(304, 114, NULL, 'target_description', 'text', 'target sajaaaa', NULL, NULL, 'removed', '2025-07-10 06:54:18'),
	(305, 114, NULL, 'status_indicator', 'text', 'in_progress', NULL, NULL, 'removed', '2025-07-10 06:54:18'),
	(306, 114, NULL, 'status_description', 'text', 'status description 123333', NULL, NULL, 'removed', '2025-07-10 06:54:18'),
	(307, 114, NULL, 'remarks', 'text', 'remarksyyyy', NULL, NULL, 'removed', '2025-07-10 06:54:18'),
	(308, 115, NULL, 'target_number', 'text', NULL, '123', NULL, 'added', '2025-07-10 07:50:48'),
	(309, 115, NULL, 'target_description', 'text', NULL, 'target sajaaaa', NULL, 'added', '2025-07-10 07:50:48'),
	(310, 115, NULL, 'status_description', 'text', NULL, 'status description 123333', NULL, 'added', '2025-07-10 07:50:48'),
	(311, 115, NULL, 'remarks', 'text', NULL, 'remark', NULL, 'added', '2025-07-10 07:50:48'),
	(312, 115, NULL, 'target_number', 'text', NULL, '', NULL, 'added', '2025-07-10 07:50:48'),
	(313, 115, NULL, 'target_description', 'text', NULL, 'gsagsgds', NULL, 'added', '2025-07-10 07:50:48'),
	(314, 115, NULL, 'status_description', 'text', NULL, 'dsdsfdsfds', NULL, 'added', '2025-07-10 07:50:48'),
	(315, 115, NULL, 'remarks', 'text', NULL, 'dsfdsfdsfds', NULL, 'added', '2025-07-10 07:50:48'),
	(316, 115, NULL, 'target_number', 'text', '123', NULL, NULL, 'removed', '2025-07-10 07:50:48'),
	(317, 115, NULL, 'target_description', 'text', 'target sajaaaa', NULL, NULL, 'removed', '2025-07-10 07:50:48'),
	(318, 115, NULL, 'status_indicator', 'text', 'in_progress', NULL, NULL, 'removed', '2025-07-10 07:50:48'),
	(319, 115, NULL, 'status_description', 'text', 'status description 123333', NULL, NULL, 'removed', '2025-07-10 07:50:48'),
	(320, 115, NULL, 'remarks', 'text', 'remark', NULL, NULL, 'removed', '2025-07-10 07:50:48'),
	(321, 116, NULL, 'target_number', 'text', NULL, '123', NULL, 'added', '2025-07-10 08:05:06'),
	(322, 116, NULL, 'target_description', 'text', NULL, 'target 1', NULL, 'added', '2025-07-10 08:05:06'),
	(323, 116, NULL, 'status_description', 'text', NULL, 'status description 123333', NULL, 'added', '2025-07-10 08:05:06'),
	(324, 116, NULL, 'remarks', 'text', NULL, 'remark', NULL, 'added', '2025-07-10 08:05:06'),
	(325, 116, NULL, 'target_number', 'text', NULL, '', NULL, 'added', '2025-07-10 08:05:06'),
	(326, 116, NULL, 'target_description', 'text', NULL, 'gsagsgds', NULL, 'added', '2025-07-10 08:05:06'),
	(327, 116, NULL, 'status_description', 'text', NULL, 'dsdsfdsfds', NULL, 'added', '2025-07-10 08:05:06'),
	(328, 116, NULL, 'remarks', 'text', NULL, 'dsfdsfdsfds', NULL, 'added', '2025-07-10 08:05:06'),
	(329, 116, NULL, 'target_number', 'text', '123', NULL, NULL, 'removed', '2025-07-10 08:05:06'),
	(330, 116, NULL, 'target_description', 'text', 'target sajaaaa', NULL, NULL, 'removed', '2025-07-10 08:05:06'),
	(331, 116, NULL, 'status_indicator', 'text', 'in_progress', NULL, NULL, 'removed', '2025-07-10 08:05:06'),
	(332, 116, NULL, 'status_description', 'text', 'status description 123333', NULL, NULL, 'removed', '2025-07-10 08:05:06'),
	(333, 116, NULL, 'remarks', 'text', 'remark', NULL, NULL, 'removed', '2025-07-10 08:05:06'),
	(334, 116, NULL, 'target_number', 'text', '', NULL, NULL, 'removed', '2025-07-10 08:05:06'),
	(335, 116, NULL, 'target_description', 'text', 'gsagsgds', NULL, NULL, 'removed', '2025-07-10 08:05:06'),
	(336, 116, NULL, 'status_indicator', 'text', 'not_started', NULL, NULL, 'removed', '2025-07-10 08:05:06'),
	(337, 116, NULL, 'status_description', 'text', 'dsdsfdsfds', NULL, NULL, 'removed', '2025-07-10 08:05:06'),
	(338, 116, NULL, 'remarks', 'text', 'dsfdsfdsfds', NULL, NULL, 'removed', '2025-07-10 08:05:06'),
	(339, 117, NULL, 'target_number', 'text', NULL, '123', NULL, 'added', '2025-07-10 08:09:24'),
	(340, 117, NULL, 'target_description', 'text', NULL, 'target 1', NULL, 'added', '2025-07-10 08:09:24'),
	(341, 117, NULL, 'status_description', 'text', NULL, 'status description 123333', NULL, 'added', '2025-07-10 08:09:24'),
	(342, 117, NULL, 'remarks', 'text', NULL, 'remark', NULL, 'added', '2025-07-10 08:09:24'),
	(343, 117, NULL, 'target_number', 'text', NULL, '', NULL, 'added', '2025-07-10 08:09:24'),
	(344, 117, NULL, 'target_description', 'text', NULL, 'gsagsgds', NULL, 'added', '2025-07-10 08:09:24'),
	(345, 117, NULL, 'status_description', 'text', NULL, 'dsdsfdsfds', NULL, 'added', '2025-07-10 08:09:24'),
	(346, 117, NULL, 'remarks', 'text', NULL, 'dsfdsfdsfds', NULL, 'added', '2025-07-10 08:09:24'),
	(347, 117, NULL, 'target_number', 'text', '123', NULL, NULL, 'removed', '2025-07-10 08:09:24'),
	(348, 117, NULL, 'target_description', 'text', 'target 1', NULL, NULL, 'removed', '2025-07-10 08:09:24'),
	(349, 117, NULL, 'status_indicator', 'text', 'in_progress', NULL, NULL, 'removed', '2025-07-10 08:09:24'),
	(350, 117, NULL, 'status_description', 'text', 'status description 123333', NULL, NULL, 'removed', '2025-07-10 08:09:24'),
	(351, 117, NULL, 'remarks', 'text', 'remark', NULL, NULL, 'removed', '2025-07-10 08:09:24'),
	(352, 117, NULL, 'target_number', 'text', '', NULL, NULL, 'removed', '2025-07-10 08:09:24'),
	(353, 117, NULL, 'target_description', 'text', 'gsagsgds', NULL, NULL, 'removed', '2025-07-10 08:09:24'),
	(354, 117, NULL, 'status_indicator', 'text', 'not_started', NULL, NULL, 'removed', '2025-07-10 08:09:24'),
	(355, 117, NULL, 'status_description', 'text', 'dsdsfdsfds', NULL, NULL, 'removed', '2025-07-10 08:09:24'),
	(356, 117, NULL, 'remarks', 'text', 'dsfdsfdsfds', NULL, NULL, 'removed', '2025-07-10 08:09:24'),
	(411, 122, NULL, 'target_number', 'text', NULL, '123', NULL, 'added', '2025-07-10 12:56:57'),
	(412, 122, NULL, 'target_description', 'text', NULL, 'target 1', NULL, 'added', '2025-07-10 12:56:57'),
	(413, 122, NULL, 'status_description', 'text', NULL, 'status description 123333', NULL, 'added', '2025-07-10 12:56:57'),
	(414, 122, NULL, 'remarks', 'text', NULL, 'remark', NULL, 'added', '2025-07-10 12:56:57'),
	(415, 122, NULL, 'target_number', 'text', NULL, '', NULL, 'added', '2025-07-10 12:56:57'),
	(416, 122, NULL, 'target_description', 'text', NULL, 'gsagsgds', NULL, 'added', '2025-07-10 12:56:57'),
	(417, 122, NULL, 'status_description', 'text', NULL, 'dsdsfdsfds', NULL, 'added', '2025-07-10 12:56:57'),
	(418, 122, NULL, 'remarks', 'text', NULL, 'dsfdsfdsfds', NULL, 'added', '2025-07-10 12:56:57'),
	(419, 122, NULL, 'target_number', 'text', '123', NULL, NULL, 'removed', '2025-07-10 12:56:57'),
	(420, 122, NULL, 'target_description', 'text', 'target 1', NULL, NULL, 'removed', '2025-07-10 12:56:57'),
	(421, 122, NULL, 'status_indicator', 'text', 'completed', NULL, NULL, 'removed', '2025-07-10 12:56:57'),
	(422, 122, NULL, 'status_description', 'text', 'status description 123333', NULL, NULL, 'removed', '2025-07-10 12:56:57'),
	(423, 122, NULL, 'remarks', 'text', 'remark', NULL, NULL, 'removed', '2025-07-10 12:56:57'),
	(424, 122, NULL, 'target_number', 'text', '', NULL, NULL, 'removed', '2025-07-10 12:56:57'),
	(425, 122, NULL, 'target_description', 'text', 'gsagsgds', NULL, NULL, 'removed', '2025-07-10 12:56:57'),
	(426, 122, NULL, 'status_indicator', 'text', 'not_started', NULL, NULL, 'removed', '2025-07-10 12:56:57'),
	(427, 122, NULL, 'status_description', 'text', 'dsdsfdsfds', NULL, NULL, 'removed', '2025-07-10 12:56:57'),
	(428, 122, NULL, 'remarks', 'text', 'dsfdsfdsfds', NULL, NULL, 'removed', '2025-07-10 12:56:57'),
	(429, 123, NULL, 'target_number', 'text', NULL, '123', NULL, 'added', '2025-07-10 12:57:13'),
	(430, 123, NULL, 'target_description', 'text', NULL, 'target 1', NULL, 'added', '2025-07-10 12:57:13'),
	(431, 123, NULL, 'status_description', 'text', NULL, 'status description 123333', NULL, 'added', '2025-07-10 12:57:13'),
	(432, 123, NULL, 'remarks', 'text', NULL, 'remark', NULL, 'added', '2025-07-10 12:57:13'),
	(433, 123, NULL, 'target_number', 'text', NULL, '', NULL, 'added', '2025-07-10 12:57:13'),
	(434, 123, NULL, 'target_description', 'text', NULL, 'gsagsgds', NULL, 'added', '2025-07-10 12:57:13'),
	(435, 123, NULL, 'status_description', 'text', NULL, 'dsdsfdsfds', NULL, 'added', '2025-07-10 12:57:13'),
	(436, 123, NULL, 'remarks', 'text', NULL, 'dsfdsfdsfds', NULL, 'added', '2025-07-10 12:57:13'),
	(437, 123, NULL, 'target_number', 'text', '123', NULL, NULL, 'removed', '2025-07-10 12:57:13'),
	(438, 123, NULL, 'target_description', 'text', 'target 1', NULL, NULL, 'removed', '2025-07-10 12:57:13'),
	(439, 123, NULL, 'status_indicator', 'text', 'completed', NULL, NULL, 'removed', '2025-07-10 12:57:13'),
	(440, 123, NULL, 'status_description', 'text', 'status description 123333', NULL, NULL, 'removed', '2025-07-10 12:57:13'),
	(441, 123, NULL, 'remarks', 'text', 'remark', NULL, NULL, 'removed', '2025-07-10 12:57:13'),
	(442, 123, NULL, 'target_number', 'text', '', NULL, NULL, 'removed', '2025-07-10 12:57:13'),
	(443, 123, NULL, 'target_description', 'text', 'gsagsgds', NULL, NULL, 'removed', '2025-07-10 12:57:13'),
	(444, 123, NULL, 'status_indicator', 'text', 'not_started', NULL, NULL, 'removed', '2025-07-10 12:57:13'),
	(445, 123, NULL, 'status_description', 'text', 'dsdsfdsfds', NULL, NULL, 'removed', '2025-07-10 12:57:13'),
	(446, 123, NULL, 'remarks', 'text', 'dsfdsfdsfds', NULL, NULL, 'removed', '2025-07-10 12:57:13'),
	(447, 124, NULL, 'target_number', 'text', NULL, '123', NULL, 'added', '2025-07-10 12:58:47'),
	(448, 124, NULL, 'target_description', 'text', NULL, 'target 1', NULL, 'added', '2025-07-10 12:58:47'),
	(449, 124, NULL, 'status_description', 'text', NULL, 'status description 123333', NULL, 'added', '2025-07-10 12:58:47'),
	(450, 124, NULL, 'remarks', 'text', NULL, 'remark', NULL, 'added', '2025-07-10 12:58:47'),
	(451, 124, NULL, 'target_number', 'text', NULL, '', NULL, 'added', '2025-07-10 12:58:47'),
	(452, 124, NULL, 'target_description', 'text', NULL, 'gsagsgds', NULL, 'added', '2025-07-10 12:58:47'),
	(453, 124, NULL, 'status_description', 'text', NULL, 'dsdsfdsfds', NULL, 'added', '2025-07-10 12:58:47'),
	(454, 124, NULL, 'remarks', 'text', NULL, 'dsfdsfdsfds', NULL, 'added', '2025-07-10 12:58:47'),
	(455, 124, NULL, 'target_number', 'text', '123', NULL, NULL, 'removed', '2025-07-10 12:58:47'),
	(456, 124, NULL, 'target_description', 'text', 'target 1', NULL, NULL, 'removed', '2025-07-10 12:58:47'),
	(457, 124, NULL, 'status_indicator', 'text', 'completed', NULL, NULL, 'removed', '2025-07-10 12:58:47'),
	(458, 124, NULL, 'status_description', 'text', 'status description 123333', NULL, NULL, 'removed', '2025-07-10 12:58:47'),
	(459, 124, NULL, 'remarks', 'text', 'remark', NULL, NULL, 'removed', '2025-07-10 12:58:47'),
	(460, 124, NULL, 'target_number', 'text', '', NULL, NULL, 'removed', '2025-07-10 12:58:47'),
	(461, 124, NULL, 'target_description', 'text', 'gsagsgds', NULL, NULL, 'removed', '2025-07-10 12:58:47'),
	(462, 124, NULL, 'status_indicator', 'text', 'not_started', NULL, NULL, 'removed', '2025-07-10 12:58:47'),
	(463, 124, NULL, 'status_description', 'text', 'dsdsfdsfds', NULL, NULL, 'removed', '2025-07-10 12:58:47'),
	(464, 124, NULL, 'remarks', 'text', 'dsfdsfdsfds', NULL, NULL, 'removed', '2025-07-10 12:58:47'),
	(465, 125, NULL, 'target_number', 'text', NULL, '123', NULL, 'added', '2025-07-10 12:59:05'),
	(466, 125, NULL, 'target_description', 'text', NULL, 'target 1', NULL, 'added', '2025-07-10 12:59:05'),
	(467, 125, NULL, 'status_description', 'text', NULL, 'status description 123333', NULL, 'added', '2025-07-10 12:59:05'),
	(468, 125, NULL, 'remarks', 'text', NULL, 'remark', NULL, 'added', '2025-07-10 12:59:05'),
	(469, 125, NULL, 'target_number', 'text', NULL, '', NULL, 'added', '2025-07-10 12:59:05'),
	(470, 125, NULL, 'target_description', 'text', NULL, 'gsagsgds', NULL, 'added', '2025-07-10 12:59:05'),
	(471, 125, NULL, 'status_description', 'text', NULL, 'dsdsfdsfds', NULL, 'added', '2025-07-10 12:59:05'),
	(472, 125, NULL, 'remarks', 'text', NULL, 'dsfdsfdsfds', NULL, 'added', '2025-07-10 12:59:05'),
	(473, 125, NULL, 'target_number', 'text', '123', NULL, NULL, 'removed', '2025-07-10 12:59:05'),
	(474, 125, NULL, 'target_description', 'text', 'target 1', NULL, NULL, 'removed', '2025-07-10 12:59:05'),
	(475, 125, NULL, 'status_indicator', 'text', 'completed', NULL, NULL, 'removed', '2025-07-10 12:59:05'),
	(476, 125, NULL, 'status_description', 'text', 'status description 123333', NULL, NULL, 'removed', '2025-07-10 12:59:05'),
	(477, 125, NULL, 'remarks', 'text', 'remark', NULL, NULL, 'removed', '2025-07-10 12:59:05'),
	(478, 125, NULL, 'target_number', 'text', '', NULL, NULL, 'removed', '2025-07-10 12:59:05'),
	(479, 125, NULL, 'target_description', 'text', 'gsagsgds', NULL, NULL, 'removed', '2025-07-10 12:59:05'),
	(480, 125, NULL, 'status_indicator', 'text', 'not_started', NULL, NULL, 'removed', '2025-07-10 12:59:05'),
	(481, 125, NULL, 'status_description', 'text', 'dsdsfdsfds', NULL, NULL, 'removed', '2025-07-10 12:59:05'),
	(482, 125, NULL, 'remarks', 'text', 'dsfdsfdsfds', NULL, NULL, 'removed', '2025-07-10 12:59:05'),
	(483, 126, NULL, 'target_number', 'text', NULL, '123', NULL, 'added', '2025-07-10 13:14:05'),
	(484, 126, NULL, 'target_description', 'text', NULL, 'target 1', NULL, 'added', '2025-07-10 13:14:05'),
	(485, 126, NULL, 'status_description', 'text', NULL, 'status description 123333', NULL, 'added', '2025-07-10 13:14:05'),
	(486, 126, NULL, 'remarks', 'text', NULL, 'remark', NULL, 'added', '2025-07-10 13:14:05'),
	(487, 126, NULL, 'target_number', 'text', NULL, '', NULL, 'added', '2025-07-10 13:14:05'),
	(488, 126, NULL, 'target_description', 'text', NULL, 'gsagsgds', NULL, 'added', '2025-07-10 13:14:05'),
	(489, 126, NULL, 'status_description', 'text', NULL, 'dsdsfdsfds', NULL, 'added', '2025-07-10 13:14:05'),
	(490, 126, NULL, 'remarks', 'text', NULL, 'dsfdsfdsfds', NULL, 'added', '2025-07-10 13:14:05'),
	(491, 126, NULL, 'target_number', 'text', '123', NULL, NULL, 'removed', '2025-07-10 13:14:05'),
	(492, 126, NULL, 'target_description', 'text', 'target 1', NULL, NULL, 'removed', '2025-07-10 13:14:05'),
	(493, 126, NULL, 'status_indicator', 'text', 'completed', NULL, NULL, 'removed', '2025-07-10 13:14:05'),
	(494, 126, NULL, 'status_description', 'text', 'status description 123333', NULL, NULL, 'removed', '2025-07-10 13:14:05'),
	(495, 126, NULL, 'remarks', 'text', 'remark', NULL, NULL, 'removed', '2025-07-10 13:14:05'),
	(496, 126, NULL, 'target_number', 'text', '', NULL, NULL, 'removed', '2025-07-10 13:14:05'),
	(497, 126, NULL, 'target_description', 'text', 'gsagsgds', NULL, NULL, 'removed', '2025-07-10 13:14:05'),
	(498, 126, NULL, 'status_indicator', 'text', 'not_started', NULL, NULL, 'removed', '2025-07-10 13:14:05'),
	(499, 126, NULL, 'status_description', 'text', 'dsdsfdsfds', NULL, NULL, 'removed', '2025-07-10 13:14:05'),
	(500, 126, NULL, 'remarks', 'text', 'dsfdsfdsfds', NULL, NULL, 'removed', '2025-07-10 13:14:05'),
	(501, 127, NULL, 'target_number', 'text', NULL, '123', NULL, 'added', '2025-07-10 13:14:37'),
	(502, 127, NULL, 'target_description', 'text', NULL, 'target 1', NULL, 'added', '2025-07-10 13:14:37'),
	(503, 127, NULL, 'status_description', 'text', NULL, 'status description 123333', NULL, 'added', '2025-07-10 13:14:37'),
	(504, 127, NULL, 'remarks', 'text', NULL, 'remark', NULL, 'added', '2025-07-10 13:14:37'),
	(505, 127, NULL, 'target_number', 'text', NULL, '', NULL, 'added', '2025-07-10 13:14:37'),
	(506, 127, NULL, 'target_description', 'text', NULL, 'gsagsgds', NULL, 'added', '2025-07-10 13:14:37'),
	(507, 127, NULL, 'status_description', 'text', NULL, 'dsdsfdsfds', NULL, 'added', '2025-07-10 13:14:37'),
	(508, 127, NULL, 'remarks', 'text', NULL, 'dsfdsfdsfds', NULL, 'added', '2025-07-10 13:14:37'),
	(509, 127, NULL, 'target_number', 'text', '123', NULL, NULL, 'removed', '2025-07-10 13:14:37'),
	(510, 127, NULL, 'target_description', 'text', 'target 1', NULL, NULL, 'removed', '2025-07-10 13:14:37'),
	(511, 127, NULL, 'status_indicator', 'text', 'completed', NULL, NULL, 'removed', '2025-07-10 13:14:37'),
	(512, 127, NULL, 'status_description', 'text', 'status description 123333', NULL, NULL, 'removed', '2025-07-10 13:14:37'),
	(513, 127, NULL, 'remarks', 'text', 'remark', NULL, NULL, 'removed', '2025-07-10 13:14:37'),
	(514, 127, NULL, 'target_number', 'text', '', NULL, NULL, 'removed', '2025-07-10 13:14:37'),
	(515, 127, NULL, 'target_description', 'text', 'gsagsgds', NULL, NULL, 'removed', '2025-07-10 13:14:37'),
	(516, 127, NULL, 'status_indicator', 'text', 'not_started', NULL, NULL, 'removed', '2025-07-10 13:14:37'),
	(517, 127, NULL, 'status_description', 'text', 'dsdsfdsfds', NULL, NULL, 'removed', '2025-07-10 13:14:37'),
	(518, 127, NULL, 'remarks', 'text', 'dsfdsfdsfds', NULL, NULL, 'removed', '2025-07-10 13:14:37'),
	(519, 129, NULL, 'target_number', 'text', NULL, '123', NULL, 'added', '2025-07-10 13:20:29'),
	(520, 129, NULL, 'target_description', 'text', NULL, 'target 1', NULL, 'added', '2025-07-10 13:20:29'),
	(521, 129, NULL, 'status_description', 'text', NULL, 'status description 123333', NULL, 'added', '2025-07-10 13:20:29'),
	(522, 129, NULL, 'remarks', 'text', NULL, 'remark', NULL, 'added', '2025-07-10 13:20:29'),
	(523, 129, NULL, 'target_number', 'text', NULL, '', NULL, 'added', '2025-07-10 13:20:29'),
	(524, 129, NULL, 'target_description', 'text', NULL, 'gsagsgds', NULL, 'added', '2025-07-10 13:20:29'),
	(525, 129, NULL, 'status_description', 'text', NULL, 'dsdsfdsfds', NULL, 'added', '2025-07-10 13:20:29'),
	(526, 129, NULL, 'remarks', 'text', NULL, 'dsfdsfdsfds', NULL, 'added', '2025-07-10 13:20:29'),
	(527, 129, NULL, 'target_number', 'text', '123', NULL, NULL, 'removed', '2025-07-10 13:20:29'),
	(528, 129, NULL, 'target_description', 'text', 'target 1', NULL, NULL, 'removed', '2025-07-10 13:20:29'),
	(529, 129, NULL, 'status_indicator', 'text', 'completed', NULL, NULL, 'removed', '2025-07-10 13:20:29'),
	(530, 129, NULL, 'status_description', 'text', 'status description 123333', NULL, NULL, 'removed', '2025-07-10 13:20:29'),
	(531, 129, NULL, 'remarks', 'text', 'remark', NULL, NULL, 'removed', '2025-07-10 13:20:29'),
	(532, 129, NULL, 'target_number', 'text', '', NULL, NULL, 'removed', '2025-07-10 13:20:29'),
	(533, 129, NULL, 'target_description', 'text', 'gsagsgds', NULL, NULL, 'removed', '2025-07-10 13:20:29'),
	(534, 129, NULL, 'status_indicator', 'text', 'not_started', NULL, NULL, 'removed', '2025-07-10 13:20:29'),
	(535, 129, NULL, 'status_description', 'text', 'dsdsfdsfds', NULL, NULL, 'removed', '2025-07-10 13:20:29'),
	(536, 129, NULL, 'remarks', 'text', 'dsfdsfdsfds', NULL, NULL, 'removed', '2025-07-10 13:20:29'),
	(537, 130, NULL, 'target_number', 'text', NULL, '123', NULL, 'added', '2025-07-10 13:29:37'),
	(538, 130, NULL, 'target_description', 'text', NULL, 'target 1', NULL, 'added', '2025-07-10 13:29:37'),
	(539, 130, NULL, 'status_description', 'text', NULL, 'status description 123333', NULL, 'added', '2025-07-10 13:29:37'),
	(540, 130, NULL, 'remarks', 'text', NULL, 'remark', NULL, 'added', '2025-07-10 13:29:37'),
	(541, 130, NULL, 'target_number', 'text', NULL, '', NULL, 'added', '2025-07-10 13:29:37'),
	(542, 130, NULL, 'target_description', 'text', NULL, 'gsagsgds', NULL, 'added', '2025-07-10 13:29:37'),
	(543, 130, NULL, 'status_description', 'text', NULL, 'dsdsfdsfds', NULL, 'added', '2025-07-10 13:29:37'),
	(544, 130, NULL, 'remarks', 'text', NULL, 'dsfdsfdsfds', NULL, 'added', '2025-07-10 13:29:37'),
	(545, 130, NULL, 'target_number', 'text', '123', NULL, NULL, 'removed', '2025-07-10 13:29:37'),
	(546, 130, NULL, 'target_description', 'text', 'target 1', NULL, NULL, 'removed', '2025-07-10 13:29:37'),
	(547, 130, NULL, 'status_indicator', 'text', 'completed', NULL, NULL, 'removed', '2025-07-10 13:29:37'),
	(548, 130, NULL, 'status_description', 'text', 'status description 123333', NULL, NULL, 'removed', '2025-07-10 13:29:37'),
	(549, 130, NULL, 'remarks', 'text', 'remark', NULL, NULL, 'removed', '2025-07-10 13:29:37'),
	(550, 130, NULL, 'target_number', 'text', '', NULL, NULL, 'removed', '2025-07-10 13:29:37'),
	(551, 130, NULL, 'target_description', 'text', 'gsagsgds', NULL, NULL, 'removed', '2025-07-10 13:29:37'),
	(552, 130, NULL, 'status_indicator', 'text', 'not_started', NULL, NULL, 'removed', '2025-07-10 13:29:37'),
	(553, 130, NULL, 'status_description', 'text', 'dsdsfdsfds', NULL, NULL, 'removed', '2025-07-10 13:29:37'),
	(554, 130, NULL, 'remarks', 'text', 'dsfdsfdsfds', NULL, NULL, 'removed', '2025-07-10 13:29:37'),
	(555, 133, NULL, 'target_number', 'text', NULL, '123', NULL, 'added', '2025-07-10 13:53:47'),
	(556, 133, NULL, 'target_description', 'text', NULL, 'target 1', NULL, 'added', '2025-07-10 13:53:47'),
	(557, 133, NULL, 'status_description', 'text', NULL, 'status description 123333', NULL, 'added', '2025-07-10 13:53:47'),
	(558, 133, NULL, 'remarks', 'text', NULL, 'remark', NULL, 'added', '2025-07-10 13:53:47'),
	(559, 133, NULL, 'target_number', 'text', NULL, '', NULL, 'added', '2025-07-10 13:53:47'),
	(560, 133, NULL, 'target_description', 'text', NULL, 'gsagsgds', NULL, 'added', '2025-07-10 13:53:47'),
	(561, 133, NULL, 'status_description', 'text', NULL, 'dsdsfdsfds', NULL, 'added', '2025-07-10 13:53:47'),
	(562, 133, NULL, 'remarks', 'text', NULL, 'dsfdsfdsfds', NULL, 'added', '2025-07-10 13:53:47'),
	(563, 133, NULL, 'target_number', 'text', '123', NULL, NULL, 'removed', '2025-07-10 13:53:47'),
	(564, 133, NULL, 'target_description', 'text', 'target 1', NULL, NULL, 'removed', '2025-07-10 13:53:47'),
	(565, 133, NULL, 'status_indicator', 'text', 'completed', NULL, NULL, 'removed', '2025-07-10 13:53:47'),
	(566, 133, NULL, 'status_description', 'text', 'status description 123333', NULL, NULL, 'removed', '2025-07-10 13:53:47'),
	(567, 133, NULL, 'remarks', 'text', 'remark', NULL, NULL, 'removed', '2025-07-10 13:53:47'),
	(568, 133, NULL, 'target_number', 'text', '', NULL, NULL, 'removed', '2025-07-10 13:53:47'),
	(569, 133, NULL, 'target_description', 'text', 'gsagsgds', NULL, NULL, 'removed', '2025-07-10 13:53:47'),
	(570, 133, NULL, 'status_indicator', 'text', 'not_started', NULL, NULL, 'removed', '2025-07-10 13:53:47'),
	(571, 133, NULL, 'status_description', 'text', 'dsdsfdsfds', NULL, NULL, 'removed', '2025-07-10 13:53:47'),
	(572, 133, NULL, 'remarks', 'text', 'dsfdsfdsfds', NULL, NULL, 'removed', '2025-07-10 13:53:48'),
	(573, 134, NULL, 'target_number', 'text', NULL, '123', NULL, 'added', '2025-07-10 13:58:03'),
	(574, 134, NULL, 'target_description', 'text', NULL, 'target 1', NULL, 'added', '2025-07-10 13:58:03'),
	(575, 134, NULL, 'status_description', 'text', NULL, 'status description 123333', NULL, 'added', '2025-07-10 13:58:03'),
	(576, 134, NULL, 'remarks', 'text', NULL, 'remark', NULL, 'added', '2025-07-10 13:58:03'),
	(577, 134, NULL, 'target_number', 'text', NULL, '', NULL, 'added', '2025-07-10 13:58:03'),
	(578, 134, NULL, 'target_description', 'text', NULL, 'gsagsgds', NULL, 'added', '2025-07-10 13:58:03'),
	(579, 134, NULL, 'status_description', 'text', NULL, 'dsdsfdsfds', NULL, 'added', '2025-07-10 13:58:03'),
	(580, 134, NULL, 'remarks', 'text', NULL, 'dsfdsfdsfds', NULL, 'added', '2025-07-10 13:58:03'),
	(581, 134, NULL, 'target_number', 'text', '123', NULL, NULL, 'removed', '2025-07-10 13:58:03'),
	(582, 134, NULL, 'target_description', 'text', 'target 1', NULL, NULL, 'removed', '2025-07-10 13:58:03'),
	(583, 134, NULL, 'status_indicator', 'text', 'completed', NULL, NULL, 'removed', '2025-07-10 13:58:03'),
	(584, 134, NULL, 'status_description', 'text', 'status description 123333', NULL, NULL, 'removed', '2025-07-10 13:58:03'),
	(585, 134, NULL, 'remarks', 'text', 'remark', NULL, NULL, 'removed', '2025-07-10 13:58:03'),
	(586, 134, NULL, 'target_number', 'text', '', NULL, NULL, 'removed', '2025-07-10 13:58:03'),
	(587, 134, NULL, 'target_description', 'text', 'gsagsgds', NULL, NULL, 'removed', '2025-07-10 13:58:03'),
	(588, 134, NULL, 'status_indicator', 'text', 'not_started', NULL, NULL, 'removed', '2025-07-10 13:58:03'),
	(589, 134, NULL, 'status_description', 'text', 'dsdsfdsfds', NULL, NULL, 'removed', '2025-07-10 13:58:03'),
	(590, 134, NULL, 'remarks', 'text', 'dsfdsfdsfds', NULL, NULL, 'removed', '2025-07-10 13:58:03'),
	(591, 135, NULL, 'target_number', 'text', NULL, '123', NULL, 'added', '2025-07-10 13:58:36'),
	(592, 135, NULL, 'target_description', 'text', NULL, 'target 1', NULL, 'added', '2025-07-10 13:58:36'),
	(593, 135, NULL, 'status_description', 'text', NULL, 'status description 123333', NULL, 'added', '2025-07-10 13:58:36'),
	(594, 135, NULL, 'remarks', 'text', NULL, 'remark', NULL, 'added', '2025-07-10 13:58:36'),
	(595, 135, NULL, 'target_number', 'text', NULL, '', NULL, 'added', '2025-07-10 13:58:36'),
	(596, 135, NULL, 'target_description', 'text', NULL, 'gsagsgds', NULL, 'added', '2025-07-10 13:58:36'),
	(597, 135, NULL, 'status_description', 'text', NULL, 'dsdsfdsfds', NULL, 'added', '2025-07-10 13:58:36'),
	(598, 135, NULL, 'remarks', 'text', NULL, 'dsfdsfdsfds', NULL, 'added', '2025-07-10 13:58:36'),
	(599, 135, NULL, 'target_number', 'text', '123', NULL, NULL, 'removed', '2025-07-10 13:58:36'),
	(600, 135, NULL, 'target_description', 'text', 'target 1', NULL, NULL, 'removed', '2025-07-10 13:58:36'),
	(601, 135, NULL, 'status_indicator', 'text', 'completed', NULL, NULL, 'removed', '2025-07-10 13:58:36'),
	(602, 135, NULL, 'status_description', 'text', 'status description 123333', NULL, NULL, 'removed', '2025-07-10 13:58:36'),
	(603, 135, NULL, 'remarks', 'text', 'remark', NULL, NULL, 'removed', '2025-07-10 13:58:36'),
	(604, 135, NULL, 'target_number', 'text', '', NULL, NULL, 'removed', '2025-07-10 13:58:36'),
	(605, 135, NULL, 'target_description', 'text', 'gsagsgds', NULL, NULL, 'removed', '2025-07-10 13:58:36'),
	(606, 135, NULL, 'status_indicator', 'text', 'not_started', NULL, NULL, 'removed', '2025-07-10 13:58:36'),
	(607, 135, NULL, 'status_description', 'text', 'dsdsfdsfds', NULL, NULL, 'removed', '2025-07-10 13:58:36'),
	(608, 135, NULL, 'remarks', 'text', 'dsfdsfdsfds', NULL, NULL, 'removed', '2025-07-10 13:58:36'),
	(609, 136, NULL, 'target_number', 'text', NULL, '123', NULL, 'added', '2025-07-10 13:58:52'),
	(610, 136, NULL, 'target_description', 'text', NULL, 'target 1', NULL, 'added', '2025-07-10 13:58:52'),
	(611, 136, NULL, 'status_description', 'text', NULL, 'status description 123333', NULL, 'added', '2025-07-10 13:58:52'),
	(612, 136, NULL, 'remarks', 'text', NULL, 'remark', NULL, 'added', '2025-07-10 13:58:52'),
	(613, 136, NULL, 'target_number', 'text', NULL, '', NULL, 'added', '2025-07-10 13:58:52'),
	(614, 136, NULL, 'target_description', 'text', NULL, 'gsagsgds', NULL, 'added', '2025-07-10 13:58:52'),
	(615, 136, NULL, 'status_description', 'text', NULL, 'dsdsfdsfds', NULL, 'added', '2025-07-10 13:58:52'),
	(616, 136, NULL, 'remarks', 'text', NULL, 'dsfdsfdsfds', NULL, 'added', '2025-07-10 13:58:52'),
	(617, 136, NULL, 'target_number', 'text', '123', NULL, NULL, 'removed', '2025-07-10 13:58:52'),
	(618, 136, NULL, 'target_description', 'text', 'target 1', NULL, NULL, 'removed', '2025-07-10 13:58:52'),
	(619, 136, NULL, 'status_indicator', 'text', 'completed', NULL, NULL, 'removed', '2025-07-10 13:58:52'),
	(620, 136, NULL, 'status_description', 'text', 'status description 123333', NULL, NULL, 'removed', '2025-07-10 13:58:52'),
	(621, 136, NULL, 'remarks', 'text', 'remark', NULL, NULL, 'removed', '2025-07-10 13:58:52'),
	(622, 136, NULL, 'target_number', 'text', '', NULL, NULL, 'removed', '2025-07-10 13:58:52'),
	(623, 136, NULL, 'target_description', 'text', 'gsagsgds', NULL, NULL, 'removed', '2025-07-10 13:58:52'),
	(624, 136, NULL, 'status_indicator', 'text', 'not_started', NULL, NULL, 'removed', '2025-07-10 13:58:52'),
	(625, 136, NULL, 'status_description', 'text', 'dsdsfdsfds', NULL, NULL, 'removed', '2025-07-10 13:58:52'),
	(626, 136, NULL, 'remarks', 'text', 'dsfdsfdsfds', NULL, NULL, 'removed', '2025-07-10 13:58:52'),
	(627, 137, NULL, 'target_number', 'text', NULL, '123', NULL, 'added', '2025-07-10 13:59:16'),
	(628, 137, NULL, 'target_description', 'text', NULL, 'target 1', NULL, 'added', '2025-07-10 13:59:16'),
	(629, 137, NULL, 'status_description', 'text', NULL, 'status description 123333', NULL, 'added', '2025-07-10 13:59:16'),
	(630, 137, NULL, 'remarks', 'text', NULL, 'remark', NULL, 'added', '2025-07-10 13:59:16'),
	(631, 137, NULL, 'target_number', 'text', NULL, '', NULL, 'added', '2025-07-10 13:59:16'),
	(632, 137, NULL, 'target_description', 'text', NULL, 'gsagsgds', NULL, 'added', '2025-07-10 13:59:16'),
	(633, 137, NULL, 'status_description', 'text', NULL, 'dsdsfdsfds', NULL, 'added', '2025-07-10 13:59:16'),
	(634, 137, NULL, 'remarks', 'text', NULL, 'dsfdsfdsfds', NULL, 'added', '2025-07-10 13:59:16'),
	(635, 137, NULL, 'target_number', 'text', '123', NULL, NULL, 'removed', '2025-07-10 13:59:16'),
	(636, 137, NULL, 'target_description', 'text', 'target 1', NULL, NULL, 'removed', '2025-07-10 13:59:16'),
	(637, 137, NULL, 'status_indicator', 'text', 'completed', NULL, NULL, 'removed', '2025-07-10 13:59:16'),
	(638, 137, NULL, 'status_description', 'text', 'status description 123333', NULL, NULL, 'removed', '2025-07-10 13:59:16'),
	(639, 137, NULL, 'remarks', 'text', 'remark', NULL, NULL, 'removed', '2025-07-10 13:59:16'),
	(640, 137, NULL, 'target_number', 'text', '', NULL, NULL, 'removed', '2025-07-10 13:59:16'),
	(641, 137, NULL, 'target_description', 'text', 'gsagsgds', NULL, NULL, 'removed', '2025-07-10 13:59:16'),
	(642, 137, NULL, 'status_indicator', 'text', 'not_started', NULL, NULL, 'removed', '2025-07-10 13:59:16'),
	(643, 137, NULL, 'status_description', 'text', 'dsdsfdsfds', NULL, NULL, 'removed', '2025-07-10 13:59:16'),
	(644, 137, NULL, 'remarks', 'text', 'dsfdsfdsfds', NULL, NULL, 'removed', '2025-07-10 13:59:16'),
	(645, 138, NULL, 'target_number', 'text', NULL, '123', NULL, 'added', '2025-07-10 13:59:28'),
	(646, 138, NULL, 'target_description', 'text', NULL, 'target 1', NULL, 'added', '2025-07-10 13:59:28'),
	(647, 138, NULL, 'status_description', 'text', NULL, 'status description 123333', NULL, 'added', '2025-07-10 13:59:28'),
	(648, 138, NULL, 'remarks', 'text', NULL, 'remark', NULL, 'added', '2025-07-10 13:59:28'),
	(649, 138, NULL, 'target_number', 'text', NULL, '', NULL, 'added', '2025-07-10 13:59:28'),
	(650, 138, NULL, 'target_description', 'text', NULL, 'gsagsgds', NULL, 'added', '2025-07-10 13:59:28'),
	(651, 138, NULL, 'status_description', 'text', NULL, 'dsdsfdsfds', NULL, 'added', '2025-07-10 13:59:28'),
	(652, 138, NULL, 'remarks', 'text', NULL, 'dsfdsfdsfds', NULL, 'added', '2025-07-10 13:59:28'),
	(653, 138, NULL, 'target_number', 'text', '123', NULL, NULL, 'removed', '2025-07-10 13:59:28'),
	(654, 138, NULL, 'target_description', 'text', 'target 1', NULL, NULL, 'removed', '2025-07-10 13:59:28'),
	(655, 138, NULL, 'status_indicator', 'text', 'completed', NULL, NULL, 'removed', '2025-07-10 13:59:28'),
	(656, 138, NULL, 'status_description', 'text', 'status description 123333', NULL, NULL, 'removed', '2025-07-10 13:59:28'),
	(657, 138, NULL, 'remarks', 'text', 'remark', NULL, NULL, 'removed', '2025-07-10 13:59:28'),
	(658, 138, NULL, 'target_number', 'text', '', NULL, NULL, 'removed', '2025-07-10 13:59:28'),
	(659, 138, NULL, 'target_description', 'text', 'gsagsgds', NULL, NULL, 'removed', '2025-07-10 13:59:28'),
	(660, 138, NULL, 'status_indicator', 'text', 'not_started', NULL, NULL, 'removed', '2025-07-10 13:59:28'),
	(661, 138, NULL, 'status_description', 'text', 'dsdsfdsfds', NULL, NULL, 'removed', '2025-07-10 13:59:28'),
	(662, 138, NULL, 'remarks', 'text', 'dsfdsfdsfds', NULL, NULL, 'removed', '2025-07-10 13:59:28'),
	(663, 139, NULL, 'target_number', 'text', NULL, '123', NULL, 'added', '2025-07-10 13:59:31'),
	(664, 139, NULL, 'target_description', 'text', NULL, 'target 1', NULL, 'added', '2025-07-10 13:59:31'),
	(665, 139, NULL, 'status_description', 'text', NULL, 'status description 123333', NULL, 'added', '2025-07-10 13:59:31'),
	(666, 139, NULL, 'remarks', 'text', NULL, 'remark', NULL, 'added', '2025-07-10 13:59:31'),
	(667, 139, NULL, 'target_number', 'text', NULL, '', NULL, 'added', '2025-07-10 13:59:31'),
	(668, 139, NULL, 'target_description', 'text', NULL, 'gsagsgds', NULL, 'added', '2025-07-10 13:59:31'),
	(669, 139, NULL, 'status_description', 'text', NULL, 'dsdsfdsfds', NULL, 'added', '2025-07-10 13:59:31'),
	(670, 139, NULL, 'remarks', 'text', NULL, 'dsfdsfdsfds', NULL, 'added', '2025-07-10 13:59:31'),
	(671, 139, NULL, 'target_number', 'text', '123', NULL, NULL, 'removed', '2025-07-10 13:59:31'),
	(672, 139, NULL, 'target_description', 'text', 'target 1', NULL, NULL, 'removed', '2025-07-10 13:59:31'),
	(673, 139, NULL, 'status_indicator', 'text', 'completed', NULL, NULL, 'removed', '2025-07-10 13:59:31'),
	(674, 139, NULL, 'status_description', 'text', 'status description 123333', NULL, NULL, 'removed', '2025-07-10 13:59:31'),
	(675, 139, NULL, 'remarks', 'text', 'remark', NULL, NULL, 'removed', '2025-07-10 13:59:31'),
	(676, 139, NULL, 'target_number', 'text', '', NULL, NULL, 'removed', '2025-07-10 13:59:31'),
	(677, 139, NULL, 'target_description', 'text', 'gsagsgds', NULL, NULL, 'removed', '2025-07-10 13:59:31'),
	(678, 139, NULL, 'status_indicator', 'text', 'not_started', NULL, NULL, 'removed', '2025-07-10 13:59:31'),
	(679, 139, NULL, 'status_description', 'text', 'dsdsfdsfds', NULL, NULL, 'removed', '2025-07-10 13:59:31'),
	(680, 139, NULL, 'remarks', 'text', 'dsfdsfdsfds', NULL, NULL, 'removed', '2025-07-10 13:59:31'),
	(681, 140, NULL, 'target_number', 'text', NULL, '123', NULL, 'added', '2025-07-10 14:02:41'),
	(682, 140, NULL, 'target_description', 'text', NULL, 'target 1', NULL, 'added', '2025-07-10 14:02:41'),
	(683, 140, NULL, 'status_description', 'text', NULL, 'status description 123333', NULL, 'added', '2025-07-10 14:02:41'),
	(684, 140, NULL, 'remarks', 'text', NULL, 'remark', NULL, 'added', '2025-07-10 14:02:41'),
	(685, 140, NULL, 'target_number', 'text', NULL, '', NULL, 'added', '2025-07-10 14:02:41'),
	(686, 140, NULL, 'target_description', 'text', NULL, 'gsagsgds', NULL, 'added', '2025-07-10 14:02:41'),
	(687, 140, NULL, 'status_description', 'text', NULL, 'dsdsfdsfds', NULL, 'added', '2025-07-10 14:02:41'),
	(688, 140, NULL, 'remarks', 'text', NULL, 'dsfdsfdsfds', NULL, 'added', '2025-07-10 14:02:41'),
	(689, 140, NULL, 'target_number', 'text', '123', NULL, NULL, 'removed', '2025-07-10 14:02:41'),
	(690, 140, NULL, 'target_description', 'text', 'target 1', NULL, NULL, 'removed', '2025-07-10 14:02:41'),
	(691, 140, NULL, 'status_indicator', 'text', 'completed', NULL, NULL, 'removed', '2025-07-10 14:02:41'),
	(692, 140, NULL, 'status_description', 'text', 'status description 123333', NULL, NULL, 'removed', '2025-07-10 14:02:41'),
	(693, 140, NULL, 'remarks', 'text', 'remark', NULL, NULL, 'removed', '2025-07-10 14:02:41'),
	(694, 140, NULL, 'target_number', 'text', '', NULL, NULL, 'removed', '2025-07-10 14:02:41'),
	(695, 140, NULL, 'target_description', 'text', 'gsagsgds', NULL, NULL, 'removed', '2025-07-10 14:02:41'),
	(696, 140, NULL, 'status_indicator', 'text', 'not_started', NULL, NULL, 'removed', '2025-07-10 14:02:41'),
	(697, 140, NULL, 'status_description', 'text', 'dsdsfdsfds', NULL, NULL, 'removed', '2025-07-10 14:02:41'),
	(698, 140, NULL, 'remarks', 'text', 'dsfdsfdsfds', NULL, NULL, 'removed', '2025-07-10 14:02:41'),
	(699, 141, NULL, 'target_number', 'text', NULL, '123', NULL, 'added', '2025-07-10 14:03:10'),
	(700, 141, NULL, 'target_description', 'text', NULL, 'target 1', NULL, 'added', '2025-07-10 14:03:10'),
	(701, 141, NULL, 'status_description', 'text', NULL, 'status description 123333', NULL, 'added', '2025-07-10 14:03:10'),
	(702, 141, NULL, 'remarks', 'text', NULL, 'remark', NULL, 'added', '2025-07-10 14:03:10'),
	(703, 141, NULL, 'target_number', 'text', NULL, '', NULL, 'added', '2025-07-10 14:03:10'),
	(704, 141, NULL, 'target_description', 'text', NULL, 'gsagsgds', NULL, 'added', '2025-07-10 14:03:10'),
	(705, 141, NULL, 'status_description', 'text', NULL, 'dsdsfdsfds', NULL, 'added', '2025-07-10 14:03:10'),
	(706, 141, NULL, 'remarks', 'text', NULL, 'dsfdsfdsfds', NULL, 'added', '2025-07-10 14:03:10'),
	(707, 141, NULL, 'target_number', 'text', '123', NULL, NULL, 'removed', '2025-07-10 14:03:10'),
	(708, 141, NULL, 'target_description', 'text', 'target 1', NULL, NULL, 'removed', '2025-07-10 14:03:10'),
	(709, 141, NULL, 'status_indicator', 'text', 'completed', NULL, NULL, 'removed', '2025-07-10 14:03:10'),
	(710, 141, NULL, 'status_description', 'text', 'status description 123333', NULL, NULL, 'removed', '2025-07-10 14:03:10'),
	(711, 141, NULL, 'remarks', 'text', 'remark', NULL, NULL, 'removed', '2025-07-10 14:03:10'),
	(712, 141, NULL, 'target_number', 'text', '', NULL, NULL, 'removed', '2025-07-10 14:03:10'),
	(713, 141, NULL, 'target_description', 'text', 'gsagsgds', NULL, NULL, 'removed', '2025-07-10 14:03:10'),
	(714, 141, NULL, 'status_indicator', 'text', 'not_started', NULL, NULL, 'removed', '2025-07-10 14:03:10'),
	(715, 141, NULL, 'status_description', 'text', 'dsdsfdsfds', NULL, NULL, 'removed', '2025-07-10 14:03:10'),
	(716, 141, NULL, 'remarks', 'text', 'dsfdsfdsfds', NULL, NULL, 'removed', '2025-07-10 14:03:10'),
	(717, 142, NULL, 'target_number', 'text', NULL, '123', NULL, 'added', '2025-07-10 14:06:59'),
	(718, 142, NULL, 'target_description', 'text', NULL, 'target 1', NULL, 'added', '2025-07-10 14:06:59'),
	(719, 142, NULL, 'status_description', 'text', NULL, 'status description 123333', NULL, 'added', '2025-07-10 14:06:59'),
	(720, 142, NULL, 'remarks', 'text', NULL, 'remark', NULL, 'added', '2025-07-10 14:06:59'),
	(721, 142, NULL, 'target_number', 'text', NULL, '', NULL, 'added', '2025-07-10 14:06:59'),
	(722, 142, NULL, 'target_description', 'text', NULL, 'gsagsgds', NULL, 'added', '2025-07-10 14:06:59'),
	(723, 142, NULL, 'status_description', 'text', NULL, 'dsdsfdsfds', NULL, 'added', '2025-07-10 14:06:59'),
	(724, 142, NULL, 'remarks', 'text', NULL, 'dsfdsfdsfds', NULL, 'added', '2025-07-10 14:07:00'),
	(725, 142, NULL, 'target_number', 'text', '123', NULL, NULL, 'removed', '2025-07-10 14:07:00'),
	(726, 142, NULL, 'target_description', 'text', 'target 1', NULL, NULL, 'removed', '2025-07-10 14:07:00'),
	(727, 142, NULL, 'status_indicator', 'text', 'completed', NULL, NULL, 'removed', '2025-07-10 14:07:00'),
	(728, 142, NULL, 'status_description', 'text', 'status description 123333', NULL, NULL, 'removed', '2025-07-10 14:07:00'),
	(729, 142, NULL, 'remarks', 'text', 'remark', NULL, NULL, 'removed', '2025-07-10 14:07:00'),
	(730, 142, NULL, 'target_number', 'text', '', NULL, NULL, 'removed', '2025-07-10 14:07:00'),
	(731, 142, NULL, 'target_description', 'text', 'gsagsgds', NULL, NULL, 'removed', '2025-07-10 14:07:00'),
	(732, 142, NULL, 'status_indicator', 'text', 'not_started', NULL, NULL, 'removed', '2025-07-10 14:07:00'),
	(733, 142, NULL, 'status_description', 'text', 'dsdsfdsfds', NULL, NULL, 'removed', '2025-07-10 14:07:00'),
	(734, 142, NULL, 'remarks', 'text', 'dsfdsfdsfds', NULL, NULL, 'removed', '2025-07-10 14:07:00'),
	(735, 143, NULL, 'target_number', 'text', NULL, '123', NULL, 'added', '2025-07-10 14:07:15'),
	(736, 143, NULL, 'target_description', 'text', NULL, 'target 1', NULL, 'added', '2025-07-10 14:07:15'),
	(737, 143, NULL, 'status_description', 'text', NULL, 'status description 123333', NULL, 'added', '2025-07-10 14:07:15'),
	(738, 143, NULL, 'remarks', 'text', NULL, 'remark', NULL, 'added', '2025-07-10 14:07:15'),
	(739, 143, NULL, 'target_number', 'text', NULL, '', NULL, 'added', '2025-07-10 14:07:15'),
	(740, 143, NULL, 'target_description', 'text', NULL, 'gsagsgds', NULL, 'added', '2025-07-10 14:07:15'),
	(741, 143, NULL, 'status_description', 'text', NULL, 'dsdsfdsfds', NULL, 'added', '2025-07-10 14:07:15'),
	(742, 143, NULL, 'remarks', 'text', NULL, 'dsfdsfdsfds', NULL, 'added', '2025-07-10 14:07:15'),
	(743, 143, NULL, 'target_number', 'text', '123', NULL, NULL, 'removed', '2025-07-10 14:07:15'),
	(744, 143, NULL, 'target_description', 'text', 'target 1', NULL, NULL, 'removed', '2025-07-10 14:07:15'),
	(745, 143, NULL, 'status_indicator', 'text', 'completed', NULL, NULL, 'removed', '2025-07-10 14:07:15'),
	(746, 143, NULL, 'status_description', 'text', 'status description 123333', NULL, NULL, 'removed', '2025-07-10 14:07:15'),
	(747, 143, NULL, 'remarks', 'text', 'remark', NULL, NULL, 'removed', '2025-07-10 14:07:15'),
	(748, 143, NULL, 'target_number', 'text', '', NULL, NULL, 'removed', '2025-07-10 14:07:15'),
	(749, 143, NULL, 'target_description', 'text', 'gsagsgds', NULL, NULL, 'removed', '2025-07-10 14:07:15'),
	(750, 143, NULL, 'status_indicator', 'text', 'not_started', NULL, NULL, 'removed', '2025-07-10 14:07:15'),
	(751, 143, NULL, 'status_description', 'text', 'dsdsfdsfds', NULL, NULL, 'removed', '2025-07-10 14:07:15'),
	(752, 143, NULL, 'remarks', 'text', 'dsfdsfdsfds', NULL, NULL, 'removed', '2025-07-10 14:07:15'),
	(753, 145, NULL, 'target_number', 'text', NULL, '123', NULL, 'added', '2025-07-10 14:08:39'),
	(754, 145, NULL, 'target_description', 'text', NULL, 'target 1', NULL, 'added', '2025-07-10 14:08:39'),
	(755, 145, NULL, 'status_description', 'text', NULL, 'status description 123333', NULL, 'added', '2025-07-10 14:08:39'),
	(756, 145, NULL, 'remarks', 'text', NULL, 'remark', NULL, 'added', '2025-07-10 14:08:39'),
	(757, 145, NULL, 'target_number', 'text', NULL, '', NULL, 'added', '2025-07-10 14:08:39'),
	(758, 145, NULL, 'target_description', 'text', NULL, 'gsagsgds', NULL, 'added', '2025-07-10 14:08:39'),
	(759, 145, NULL, 'status_description', 'text', NULL, 'dsdsfdsfds', NULL, 'added', '2025-07-10 14:08:39'),
	(760, 145, NULL, 'remarks', 'text', NULL, 'dsfdsfdsfds', NULL, 'added', '2025-07-10 14:08:39'),
	(761, 145, NULL, 'target_number', 'text', '123', NULL, NULL, 'removed', '2025-07-10 14:08:39'),
	(762, 145, NULL, 'target_description', 'text', 'target 1', NULL, NULL, 'removed', '2025-07-10 14:08:39'),
	(763, 145, NULL, 'status_indicator', 'text', 'completed', NULL, NULL, 'removed', '2025-07-10 14:08:39'),
	(764, 145, NULL, 'status_description', 'text', 'status description 123333', NULL, NULL, 'removed', '2025-07-10 14:08:39'),
	(765, 145, NULL, 'remarks', 'text', 'remark', NULL, NULL, 'removed', '2025-07-10 14:08:39'),
	(766, 145, NULL, 'target_number', 'text', '', NULL, NULL, 'removed', '2025-07-10 14:08:39'),
	(767, 145, NULL, 'target_description', 'text', 'gsagsgds', NULL, NULL, 'removed', '2025-07-10 14:08:39'),
	(768, 145, NULL, 'status_indicator', 'text', 'not_started', NULL, NULL, 'removed', '2025-07-10 14:08:39'),
	(769, 145, NULL, 'status_description', 'text', 'dsdsfdsfds', NULL, NULL, 'removed', '2025-07-10 14:08:39'),
	(770, 145, NULL, 'remarks', 'text', 'dsfdsfdsfds', NULL, NULL, 'removed', '2025-07-10 14:08:39'),
	(771, 146, NULL, 'target_number', 'text', NULL, '123', NULL, 'added', '2025-07-10 14:09:37'),
	(772, 146, NULL, 'target_description', 'text', NULL, 'target 1', NULL, 'added', '2025-07-10 14:09:37'),
	(773, 146, NULL, 'status_description', 'text', NULL, 'status description 123333', NULL, 'added', '2025-07-10 14:09:37'),
	(774, 146, NULL, 'remarks', 'text', NULL, 'remark', NULL, 'added', '2025-07-10 14:09:37'),
	(775, 146, NULL, 'target_number', 'text', NULL, '', NULL, 'added', '2025-07-10 14:09:37'),
	(776, 146, NULL, 'target_description', 'text', NULL, 'gsagsgds', NULL, 'added', '2025-07-10 14:09:37'),
	(777, 146, NULL, 'status_description', 'text', NULL, 'dsdsfdsfds', NULL, 'added', '2025-07-10 14:09:37'),
	(778, 146, NULL, 'remarks', 'text', NULL, 'dsfdsfdsfds', NULL, 'added', '2025-07-10 14:09:37'),
	(779, 146, NULL, 'target_number', 'text', '123', NULL, NULL, 'removed', '2025-07-10 14:09:37'),
	(780, 146, NULL, 'target_description', 'text', 'target 1', NULL, NULL, 'removed', '2025-07-10 14:09:37'),
	(781, 146, NULL, 'status_indicator', 'text', 'completed', NULL, NULL, 'removed', '2025-07-10 14:09:37'),
	(782, 146, NULL, 'status_description', 'text', 'status description 123333', NULL, NULL, 'removed', '2025-07-10 14:09:37'),
	(783, 146, NULL, 'remarks', 'text', 'remark', NULL, NULL, 'removed', '2025-07-10 14:09:37'),
	(784, 146, NULL, 'target_number', 'text', '', NULL, NULL, 'removed', '2025-07-10 14:09:37'),
	(785, 146, NULL, 'target_description', 'text', 'gsagsgds', NULL, NULL, 'removed', '2025-07-10 14:09:37'),
	(786, 146, NULL, 'status_indicator', 'text', 'not_started', NULL, NULL, 'removed', '2025-07-10 14:09:37'),
	(787, 146, NULL, 'status_description', 'text', 'dsdsfdsfds', NULL, NULL, 'removed', '2025-07-10 14:09:37'),
	(788, 146, NULL, 'remarks', 'text', 'dsfdsfdsfds', NULL, NULL, 'removed', '2025-07-10 14:09:37'),
	(789, 147, NULL, 'target_number', 'text', NULL, '123', NULL, 'added', '2025-07-10 14:13:08'),
	(790, 147, NULL, 'target_description', 'text', NULL, 'target 1', NULL, 'added', '2025-07-10 14:13:08'),
	(791, 147, NULL, 'status_description', 'text', NULL, 'status description 123333', NULL, 'added', '2025-07-10 14:13:08'),
	(792, 147, NULL, 'remarks', 'text', NULL, 'remark', NULL, 'added', '2025-07-10 14:13:08'),
	(793, 147, NULL, 'target_number', 'text', NULL, '', NULL, 'added', '2025-07-10 14:13:08'),
	(794, 147, NULL, 'target_description', 'text', NULL, 'gsagsgds', NULL, 'added', '2025-07-10 14:13:08'),
	(795, 147, NULL, 'status_description', 'text', NULL, 'dsdsfdsfds', NULL, 'added', '2025-07-10 14:13:08'),
	(796, 147, NULL, 'remarks', 'text', NULL, 'dsfdsfdsfds', NULL, 'added', '2025-07-10 14:13:08'),
	(797, 147, NULL, 'target_number', 'text', '123', NULL, NULL, 'removed', '2025-07-10 14:13:08'),
	(798, 147, NULL, 'target_description', 'text', 'target 1', NULL, NULL, 'removed', '2025-07-10 14:13:08'),
	(799, 147, NULL, 'status_indicator', 'text', 'completed', NULL, NULL, 'removed', '2025-07-10 14:13:08'),
	(800, 147, NULL, 'status_description', 'text', 'status description 123333', NULL, NULL, 'removed', '2025-07-10 14:13:08'),
	(801, 147, NULL, 'remarks', 'text', 'remark', NULL, NULL, 'removed', '2025-07-10 14:13:08'),
	(802, 147, NULL, 'target_number', 'text', '', NULL, NULL, 'removed', '2025-07-10 14:13:08'),
	(803, 147, NULL, 'target_description', 'text', 'gsagsgds', NULL, NULL, 'removed', '2025-07-10 14:13:08'),
	(804, 147, NULL, 'status_indicator', 'text', 'not_started', NULL, NULL, 'removed', '2025-07-10 14:13:08'),
	(805, 147, NULL, 'status_description', 'text', 'dsdsfdsfds', NULL, NULL, 'removed', '2025-07-10 14:13:08'),
	(806, 147, NULL, 'remarks', 'text', 'dsfdsfdsfds', NULL, NULL, 'removed', '2025-07-10 14:13:08'),
	(807, 148, NULL, 'target_number', 'text', NULL, '123', NULL, 'added', '2025-07-10 14:14:40'),
	(808, 148, NULL, 'target_description', 'text', NULL, 'target 1', NULL, 'added', '2025-07-10 14:14:40'),
	(809, 148, NULL, 'status_description', 'text', NULL, 'status description 123333', NULL, 'added', '2025-07-10 14:14:40'),
	(810, 148, NULL, 'remarks', 'text', NULL, 'remark', NULL, 'added', '2025-07-10 14:14:40'),
	(811, 148, NULL, 'target_number', 'text', NULL, '', NULL, 'added', '2025-07-10 14:14:40'),
	(812, 148, NULL, 'target_description', 'text', NULL, 'gsagsgds', NULL, 'added', '2025-07-10 14:14:40'),
	(813, 148, NULL, 'status_description', 'text', NULL, 'dsdsfdsfds', NULL, 'added', '2025-07-10 14:14:40'),
	(814, 148, NULL, 'remarks', 'text', NULL, 'dsfdsfdsfds', NULL, 'added', '2025-07-10 14:14:40'),
	(815, 148, NULL, 'target_number', 'text', '123', NULL, NULL, 'removed', '2025-07-10 14:14:40'),
	(816, 148, NULL, 'target_description', 'text', 'target 1', NULL, NULL, 'removed', '2025-07-10 14:14:40'),
	(817, 148, NULL, 'status_indicator', 'text', 'completed', NULL, NULL, 'removed', '2025-07-10 14:14:40'),
	(818, 148, NULL, 'status_description', 'text', 'status description 123333', NULL, NULL, 'removed', '2025-07-10 14:14:40'),
	(819, 148, NULL, 'remarks', 'text', 'remark', NULL, NULL, 'removed', '2025-07-10 14:14:40'),
	(820, 148, NULL, 'target_number', 'text', '', NULL, NULL, 'removed', '2025-07-10 14:14:40'),
	(821, 148, NULL, 'target_description', 'text', 'gsagsgds', NULL, NULL, 'removed', '2025-07-10 14:14:40'),
	(822, 148, NULL, 'status_indicator', 'text', 'not_started', NULL, NULL, 'removed', '2025-07-10 14:14:40'),
	(823, 148, NULL, 'status_description', 'text', 'dsdsfdsfds', NULL, NULL, 'removed', '2025-07-10 14:14:40'),
	(824, 148, NULL, 'remarks', 'text', 'dsfdsfdsfds', NULL, NULL, 'removed', '2025-07-10 14:14:40'),
	(825, 149, NULL, 'target_number', 'text', NULL, '123', NULL, 'added', '2025-07-10 14:14:56'),
	(826, 149, NULL, 'target_description', 'text', NULL, 'target 1', NULL, 'added', '2025-07-10 14:14:56'),
	(827, 149, NULL, 'status_description', 'text', NULL, 'status description 123333', NULL, 'added', '2025-07-10 14:14:56'),
	(828, 149, NULL, 'remarks', 'text', NULL, 'remark', NULL, 'added', '2025-07-10 14:14:56'),
	(829, 149, NULL, 'target_number', 'text', NULL, '', NULL, 'added', '2025-07-10 14:14:56'),
	(830, 149, NULL, 'target_description', 'text', NULL, 'gsagsgds', NULL, 'added', '2025-07-10 14:14:56'),
	(831, 149, NULL, 'status_description', 'text', NULL, 'dsdsfdsfds', NULL, 'added', '2025-07-10 14:14:56'),
	(832, 149, NULL, 'remarks', 'text', NULL, 'dsfdsfdsfds', NULL, 'added', '2025-07-10 14:14:56'),
	(833, 149, NULL, 'target_number', 'text', '123', NULL, NULL, 'removed', '2025-07-10 14:14:56'),
	(834, 149, NULL, 'target_description', 'text', 'target 1', NULL, NULL, 'removed', '2025-07-10 14:14:56'),
	(835, 149, NULL, 'status_indicator', 'text', 'completed', NULL, NULL, 'removed', '2025-07-10 14:14:56'),
	(836, 149, NULL, 'status_description', 'text', 'status description 123333', NULL, NULL, 'removed', '2025-07-10 14:14:56'),
	(837, 149, NULL, 'remarks', 'text', 'remark', NULL, NULL, 'removed', '2025-07-10 14:14:56'),
	(838, 149, NULL, 'target_number', 'text', '', NULL, NULL, 'removed', '2025-07-10 14:14:56'),
	(839, 149, NULL, 'target_description', 'text', 'gsagsgds', NULL, NULL, 'removed', '2025-07-10 14:14:56'),
	(840, 149, NULL, 'status_indicator', 'text', 'not_started', NULL, NULL, 'removed', '2025-07-10 14:14:56'),
	(841, 149, NULL, 'status_description', 'text', 'dsdsfdsfds', NULL, NULL, 'removed', '2025-07-10 14:14:56'),
	(842, 149, NULL, 'remarks', 'text', 'dsfdsfdsfds', NULL, NULL, 'removed', '2025-07-10 14:14:56'),
	(843, 150, NULL, 'target_number', 'text', NULL, '123', NULL, 'added', '2025-07-10 14:18:15'),
	(844, 150, NULL, 'target_description', 'text', NULL, 'target 1', NULL, 'added', '2025-07-10 14:18:15'),
	(845, 150, NULL, 'status_description', 'text', NULL, 'status description 123333', NULL, 'added', '2025-07-10 14:18:15'),
	(846, 150, NULL, 'remarks', 'text', NULL, 'remark', NULL, 'added', '2025-07-10 14:18:15'),
	(847, 150, NULL, 'target_number', 'text', NULL, '', NULL, 'added', '2025-07-10 14:18:15'),
	(848, 150, NULL, 'target_description', 'text', NULL, 'gsagsgds', NULL, 'added', '2025-07-10 14:18:15'),
	(849, 150, NULL, 'status_description', 'text', NULL, 'dsdsfdsfds', NULL, 'added', '2025-07-10 14:18:16'),
	(850, 150, NULL, 'remarks', 'text', NULL, 'dsfdsfdsfds', NULL, 'added', '2025-07-10 14:18:16'),
	(851, 150, NULL, 'target_number', 'text', '123', NULL, NULL, 'removed', '2025-07-10 14:18:16'),
	(852, 150, NULL, 'target_description', 'text', 'target 1', NULL, NULL, 'removed', '2025-07-10 14:18:16'),
	(853, 150, NULL, 'status_indicator', 'text', 'completed', NULL, NULL, 'removed', '2025-07-10 14:18:16'),
	(854, 150, NULL, 'status_description', 'text', 'status description 123333', NULL, NULL, 'removed', '2025-07-10 14:18:16'),
	(855, 150, NULL, 'remarks', 'text', 'remark', NULL, NULL, 'removed', '2025-07-10 14:18:16'),
	(856, 150, NULL, 'target_number', 'text', '', NULL, NULL, 'removed', '2025-07-10 14:18:16'),
	(857, 150, NULL, 'target_description', 'text', 'gsagsgds', NULL, NULL, 'removed', '2025-07-10 14:18:16'),
	(858, 150, NULL, 'status_indicator', 'text', 'not_started', NULL, NULL, 'removed', '2025-07-10 14:18:16'),
	(859, 150, NULL, 'status_description', 'text', 'dsdsfdsfds', NULL, NULL, 'removed', '2025-07-10 14:18:16'),
	(860, 150, NULL, 'remarks', 'text', 'dsfdsfdsfds', NULL, NULL, 'removed', '2025-07-10 14:18:16'),
	(861, 151, NULL, 'target_number', 'text', NULL, '123', NULL, 'added', '2025-07-10 14:18:21'),
	(862, 151, NULL, 'target_description', 'text', NULL, 'target 1', NULL, 'added', '2025-07-10 14:18:21'),
	(863, 151, NULL, 'status_description', 'text', NULL, 'status description 123333', NULL, 'added', '2025-07-10 14:18:21'),
	(864, 151, NULL, 'remarks', 'text', NULL, 'remark', NULL, 'added', '2025-07-10 14:18:21'),
	(865, 151, NULL, 'target_number', 'text', NULL, '', NULL, 'added', '2025-07-10 14:18:21'),
	(866, 151, NULL, 'target_description', 'text', NULL, 'gsagsgds', NULL, 'added', '2025-07-10 14:18:21'),
	(867, 151, NULL, 'status_description', 'text', NULL, 'dsdsfdsfds', NULL, 'added', '2025-07-10 14:18:21'),
	(868, 151, NULL, 'remarks', 'text', NULL, 'dsfdsfdsfds', NULL, 'added', '2025-07-10 14:18:21'),
	(869, 151, NULL, 'target_number', 'text', '123', NULL, NULL, 'removed', '2025-07-10 14:18:21'),
	(870, 151, NULL, 'target_description', 'text', 'target 1', NULL, NULL, 'removed', '2025-07-10 14:18:21'),
	(871, 151, NULL, 'status_indicator', 'text', 'completed', NULL, NULL, 'removed', '2025-07-10 14:18:21'),
	(872, 151, NULL, 'status_description', 'text', 'status description 123333', NULL, NULL, 'removed', '2025-07-10 14:18:21'),
	(873, 151, NULL, 'remarks', 'text', 'remark', NULL, NULL, 'removed', '2025-07-10 14:18:21'),
	(874, 151, NULL, 'target_number', 'text', '', NULL, NULL, 'removed', '2025-07-10 14:18:21'),
	(875, 151, NULL, 'target_description', 'text', 'gsagsgds', NULL, NULL, 'removed', '2025-07-10 14:18:21'),
	(876, 151, NULL, 'status_indicator', 'text', 'not_started', NULL, NULL, 'removed', '2025-07-10 14:18:21'),
	(877, 151, NULL, 'status_description', 'text', 'dsdsfdsfds', NULL, NULL, 'removed', '2025-07-10 14:18:21'),
	(878, 151, NULL, 'remarks', 'text', 'dsfdsfdsfds', NULL, NULL, 'removed', '2025-07-10 14:18:21'),
	(879, 152, NULL, 'target_number', 'text', NULL, '123', NULL, 'added', '2025-07-10 15:00:11'),
	(880, 152, NULL, 'target_description', 'text', NULL, 'target 1', NULL, 'added', '2025-07-10 15:00:11'),
	(881, 152, NULL, 'status_description', 'text', NULL, 'status description 123333', NULL, 'added', '2025-07-10 15:00:11'),
	(882, 152, NULL, 'remarks', 'text', NULL, 'remark', NULL, 'added', '2025-07-10 15:00:11'),
	(883, 152, NULL, 'target_number', 'text', NULL, '', NULL, 'added', '2025-07-10 15:00:11'),
	(884, 152, NULL, 'target_description', 'text', NULL, 'gsagsgds', NULL, 'added', '2025-07-10 15:00:11'),
	(885, 152, NULL, 'status_description', 'text', NULL, 'dsdsfdsfds', NULL, 'added', '2025-07-10 15:00:11'),
	(886, 152, NULL, 'remarks', 'text', NULL, 'dsfdsfdsfds', NULL, 'added', '2025-07-10 15:00:11'),
	(887, 152, NULL, 'target_number', 'text', '123', NULL, NULL, 'removed', '2025-07-10 15:00:11'),
	(888, 152, NULL, 'target_description', 'text', 'target 1', NULL, NULL, 'removed', '2025-07-10 15:00:11'),
	(889, 152, NULL, 'status_indicator', 'text', 'completed', NULL, NULL, 'removed', '2025-07-10 15:00:11'),
	(890, 152, NULL, 'status_description', 'text', 'status description 123333', NULL, NULL, 'removed', '2025-07-10 15:00:11'),
	(891, 152, NULL, 'remarks', 'text', 'remark', NULL, NULL, 'removed', '2025-07-10 15:00:11'),
	(892, 152, NULL, 'target_number', 'text', '', NULL, NULL, 'removed', '2025-07-10 15:00:11'),
	(893, 152, NULL, 'target_description', 'text', 'gsagsgds', NULL, NULL, 'removed', '2025-07-10 15:00:11'),
	(894, 152, NULL, 'status_indicator', 'text', 'not_started', NULL, NULL, 'removed', '2025-07-10 15:00:11'),
	(895, 152, NULL, 'status_description', 'text', 'dsdsfdsfds', NULL, NULL, 'removed', '2025-07-10 15:00:11'),
	(896, 152, NULL, 'remarks', 'text', 'dsfdsfdsfds', NULL, NULL, 'removed', '2025-07-10 15:00:11'),
	(897, 153, NULL, 'target_number', 'text', NULL, '123', NULL, 'added', '2025-07-10 15:00:15'),
	(898, 153, NULL, 'target_description', 'text', NULL, 'target 1', NULL, 'added', '2025-07-10 15:00:15'),
	(899, 153, NULL, 'status_description', 'text', NULL, 'status description 123333', NULL, 'added', '2025-07-10 15:00:15'),
	(900, 153, NULL, 'remarks', 'text', NULL, 'remark', NULL, 'added', '2025-07-10 15:00:15'),
	(901, 153, NULL, 'target_number', 'text', NULL, '', NULL, 'added', '2025-07-10 15:00:15'),
	(902, 153, NULL, 'target_description', 'text', NULL, 'gsagsgds', NULL, 'added', '2025-07-10 15:00:15'),
	(903, 153, NULL, 'status_description', 'text', NULL, 'dsdsfdsfds', NULL, 'added', '2025-07-10 15:00:15'),
	(904, 153, NULL, 'remarks', 'text', NULL, 'dsfdsfdsfds', NULL, 'added', '2025-07-10 15:00:15'),
	(905, 153, NULL, 'target_number', 'text', '123', NULL, NULL, 'removed', '2025-07-10 15:00:15'),
	(906, 153, NULL, 'target_description', 'text', 'target 1', NULL, NULL, 'removed', '2025-07-10 15:00:15'),
	(907, 153, NULL, 'status_indicator', 'text', 'completed', NULL, NULL, 'removed', '2025-07-10 15:00:15'),
	(908, 153, NULL, 'status_description', 'text', 'status description 123333', NULL, NULL, 'removed', '2025-07-10 15:00:15'),
	(909, 153, NULL, 'remarks', 'text', 'remark', NULL, NULL, 'removed', '2025-07-10 15:00:15'),
	(910, 153, NULL, 'target_number', 'text', '', NULL, NULL, 'removed', '2025-07-10 15:00:15'),
	(911, 153, NULL, 'target_description', 'text', 'gsagsgds', NULL, NULL, 'removed', '2025-07-10 15:00:15'),
	(912, 153, NULL, 'status_indicator', 'text', 'not_started', NULL, NULL, 'removed', '2025-07-10 15:00:15'),
	(913, 153, NULL, 'status_description', 'text', 'dsdsfdsfds', NULL, NULL, 'removed', '2025-07-10 15:00:15'),
	(914, 153, NULL, 'remarks', 'text', 'dsfdsfdsfds', NULL, NULL, 'removed', '2025-07-10 15:00:15'),
	(915, 157, 107, 'target_number', 'text', NULL, '313131', NULL, 'added', '2025-07-11 01:09:40'),
	(916, 157, 107, 'target_description', 'text', NULL, 'target A (this is changed)', NULL, 'added', '2025-07-11 01:09:40'),
	(917, 157, 107, 'status_description', 'text', NULL, 'status A', NULL, 'added', '2025-07-11 01:09:40'),
	(918, 157, 108, 'target_number', 'text', NULL, '21212', NULL, 'added', '2025-07-11 01:09:40'),
	(919, 157, 108, 'target_description', 'text', NULL, 'target B', NULL, 'added', '2025-07-11 01:09:40'),
	(920, 157, 108, 'status_description', 'text', NULL, 'status B', NULL, 'added', '2025-07-11 01:09:40'),
	(921, 157, 105, 'target_number', 'text', '313131', NULL, NULL, 'removed', '2025-07-11 01:09:40'),
	(922, 157, 105, 'target_description', 'text', 'target A', NULL, NULL, 'removed', '2025-07-11 01:09:40'),
	(923, 157, 105, 'status_indicator', 'text', 'in_progress', NULL, NULL, 'removed', '2025-07-11 01:09:40'),
	(924, 157, 105, 'status_description', 'text', 'status A', NULL, NULL, 'removed', '2025-07-11 01:09:40'),
	(925, 157, 106, 'target_number', 'text', '21212', NULL, NULL, 'removed', '2025-07-11 01:09:40'),
	(926, 157, 106, 'target_description', 'text', 'target B', NULL, NULL, 'removed', '2025-07-11 01:09:40'),
	(927, 157, 106, 'status_indicator', 'text', 'completed', NULL, NULL, 'removed', '2025-07-11 01:09:40'),
	(928, 157, 106, 'status_description', 'text', 'status B', NULL, NULL, 'removed', '2025-07-11 01:09:40'),
	(929, 158, 109, 'target_number', 'text', NULL, '313131', NULL, 'added', '2025-07-11 01:11:43'),
	(930, 158, 109, 'target_description', 'text', NULL, 'target A (this is changed)', NULL, 'added', '2025-07-11 01:11:43'),
	(931, 158, 109, 'status_description', 'text', NULL, 'status A', NULL, 'added', '2025-07-11 01:11:43'),
	(932, 158, 109, 'remarks', 'text', NULL, 'ini remark', NULL, 'added', '2025-07-11 01:11:43'),
	(933, 158, 110, 'target_number', 'text', NULL, '21212', NULL, 'added', '2025-07-11 01:11:43'),
	(934, 158, 110, 'target_description', 'text', NULL, 'target B', NULL, 'added', '2025-07-11 01:11:43'),
	(935, 158, 110, 'status_description', 'text', NULL, 'status B', NULL, 'added', '2025-07-11 01:11:43'),
	(936, 158, 107, 'target_number', 'text', '313131', NULL, NULL, 'removed', '2025-07-11 01:11:43'),
	(937, 158, 107, 'target_description', 'text', 'target A (this is changed)', NULL, NULL, 'removed', '2025-07-11 01:11:43'),
	(938, 158, 107, 'status_indicator', 'text', 'in_progress', NULL, NULL, 'removed', '2025-07-11 01:11:43'),
	(939, 158, 107, 'status_description', 'text', 'status A', NULL, NULL, 'removed', '2025-07-11 01:11:43'),
	(940, 158, 108, 'target_number', 'text', '21212', NULL, NULL, 'removed', '2025-07-11 01:11:43'),
	(941, 158, 108, 'target_description', 'text', 'target B', NULL, NULL, 'removed', '2025-07-11 01:11:43'),
	(942, 158, 108, 'status_indicator', 'text', 'completed', NULL, NULL, 'removed', '2025-07-11 01:11:43'),
	(943, 158, 108, 'status_description', 'text', 'status B', NULL, NULL, 'removed', '2025-07-11 01:11:43'),
	(944, 159, 111, 'target_number', 'text', NULL, '313131', NULL, 'added', '2025-07-11 01:16:04'),
	(945, 159, 111, 'target_description', 'text', NULL, 'target A (this is changed)', NULL, 'added', '2025-07-11 01:16:04'),
	(946, 159, 111, 'status_indicator', 'text', NULL, 'in_progress', NULL, 'added', '2025-07-11 01:16:04'),
	(947, 159, 111, 'status_description', 'text', NULL, 'status A', NULL, 'added', '2025-07-11 01:16:04'),
	(948, 159, 111, 'remarks', 'text', NULL, 'ini remark lagi', NULL, 'added', '2025-07-11 01:16:04'),
	(949, 159, 112, 'target_number', 'text', NULL, '21212', NULL, 'added', '2025-07-11 01:16:04'),
	(950, 159, 112, 'target_description', 'text', NULL, 'target B', NULL, 'added', '2025-07-11 01:16:04'),
	(951, 159, 112, 'status_indicator', 'text', NULL, 'completed', NULL, 'added', '2025-07-11 01:16:04'),
	(952, 159, 112, 'status_description', 'text', NULL, 'status B', NULL, 'added', '2025-07-11 01:16:04'),
	(953, 159, 109, 'target_number', 'text', '313131', NULL, NULL, 'removed', '2025-07-11 01:16:04'),
	(954, 159, 109, 'target_description', 'text', 'target A (this is changed)', NULL, NULL, 'removed', '2025-07-11 01:16:04'),
	(955, 159, 109, 'status_indicator', 'text', 'in_progress', NULL, NULL, 'removed', '2025-07-11 01:16:04'),
	(956, 159, 109, 'status_description', 'text', 'status A', NULL, NULL, 'removed', '2025-07-11 01:16:04'),
	(957, 159, 109, 'remarks', 'text', 'ini remark', NULL, NULL, 'removed', '2025-07-11 01:16:04'),
	(958, 159, 110, 'target_number', 'text', '21212', NULL, NULL, 'removed', '2025-07-11 01:16:04'),
	(959, 159, 110, 'target_description', 'text', 'target B', NULL, NULL, 'removed', '2025-07-11 01:16:04'),
	(960, 159, 110, 'status_indicator', 'text', 'completed', NULL, NULL, 'removed', '2025-07-11 01:16:04'),
	(961, 159, 110, 'status_description', 'text', 'status B', NULL, NULL, 'removed', '2025-07-11 01:16:04'),
	(962, 160, 113, 'target_number', 'text', NULL, '313131', NULL, 'added', '2025-07-11 01:35:38'),
	(963, 160, 113, 'target_description', 'text', NULL, 'target A (this is changed again)', NULL, 'added', '2025-07-11 01:35:38'),
	(964, 160, 113, 'status_indicator', 'text', NULL, 'in_progress', NULL, 'added', '2025-07-11 01:35:38'),
	(965, 160, 113, 'status_description', 'text', NULL, 'status A', NULL, 'added', '2025-07-11 01:35:38'),
	(966, 160, 113, 'remarks', 'text', NULL, 'ini remark lagi', NULL, 'added', '2025-07-11 01:35:38'),
	(967, 160, 114, 'target_number', 'text', NULL, '21212', NULL, 'added', '2025-07-11 01:35:38'),
	(968, 160, 114, 'target_description', 'text', NULL, 'target B', NULL, 'added', '2025-07-11 01:35:38'),
	(969, 160, 114, 'status_indicator', 'text', NULL, 'completed', NULL, 'added', '2025-07-11 01:35:38'),
	(970, 160, 114, 'status_description', 'text', NULL, 'status B', NULL, 'added', '2025-07-11 01:35:38'),
	(971, 160, 111, 'target_number', 'text', '313131', NULL, NULL, 'removed', '2025-07-11 01:35:38'),
	(972, 160, 111, 'target_description', 'text', 'target A (this is changed)', NULL, NULL, 'removed', '2025-07-11 01:35:38'),
	(973, 160, 111, 'status_indicator', 'text', 'in_progress', NULL, NULL, 'removed', '2025-07-11 01:35:38'),
	(974, 160, 111, 'status_description', 'text', 'status A', NULL, NULL, 'removed', '2025-07-11 01:35:38'),
	(975, 160, 111, 'remarks', 'text', 'ini remark lagi', NULL, NULL, 'removed', '2025-07-11 01:35:38'),
	(976, 160, 112, 'target_number', 'text', '21212', NULL, NULL, 'removed', '2025-07-11 01:35:38'),
	(977, 160, 112, 'target_description', 'text', 'target B', NULL, NULL, 'removed', '2025-07-11 01:35:38'),
	(978, 160, 112, 'status_indicator', 'text', 'completed', NULL, NULL, 'removed', '2025-07-11 01:35:38'),
	(979, 160, 112, 'status_description', 'text', 'status B', NULL, NULL, 'removed', '2025-07-11 01:35:38'),
	(980, 164, 116, 'target_number', 'text', NULL, '999', NULL, 'added', '2025-07-11 01:38:12'),
	(981, 164, 116, 'target_description', 'text', NULL, 'target 111', NULL, 'added', '2025-07-11 01:38:12'),
	(982, 164, 116, 'status_indicator', 'text', NULL, 'in_progress', NULL, 'added', '2025-07-11 01:38:12'),
	(983, 164, 116, 'status_description', 'text', NULL, 'status 1', NULL, 'added', '2025-07-11 01:38:12'),
	(984, 164, 117, 'target_number', 'text', NULL, '121', NULL, 'added', '2025-07-11 01:38:12'),
	(985, 164, 117, 'target_description', 'text', NULL, 'target 222', NULL, 'added', '2025-07-11 01:38:12'),
	(986, 164, 117, 'status_indicator', 'text', NULL, 'in_progress', NULL, 'added', '2025-07-11 01:38:12'),
	(987, 164, 115, 'target_number', 'text', '999', NULL, NULL, 'removed', '2025-07-11 01:38:12'),
	(988, 164, 115, 'target_description', 'text', 'target 111', NULL, NULL, 'removed', '2025-07-11 01:38:12'),
	(989, 164, 115, 'status_indicator', 'text', 'in_progress', NULL, NULL, 'removed', '2025-07-11 01:38:12'),
	(990, 164, 115, 'status_description', 'text', 'status 1', NULL, NULL, 'removed', '2025-07-11 01:38:12'),
	(991, 165, 118, 'target_number', 'text', NULL, '999', NULL, 'added', '2025-07-11 01:42:48'),
	(992, 165, 118, 'target_description', 'text', NULL, 'target 112', NULL, 'added', '2025-07-11 01:42:48'),
	(993, 165, 118, 'status_indicator', 'text', NULL, 'in_progress', NULL, 'added', '2025-07-11 01:42:48'),
	(994, 165, 118, 'status_description', 'text', NULL, 'status 1', NULL, 'added', '2025-07-11 01:42:48'),
	(995, 165, 119, 'target_number', 'text', NULL, '121', NULL, 'added', '2025-07-11 01:42:48'),
	(996, 165, 119, 'target_description', 'text', NULL, 'target 222', NULL, 'added', '2025-07-11 01:42:48'),
	(997, 165, 119, 'status_indicator', 'text', NULL, 'in_progress', NULL, 'added', '2025-07-11 01:42:48'),
	(998, 165, 116, 'target_number', 'text', '999', NULL, NULL, 'removed', '2025-07-11 01:42:48'),
	(999, 165, 116, 'target_description', 'text', 'target 111', NULL, NULL, 'removed', '2025-07-11 01:42:48'),
	(1000, 165, 116, 'status_indicator', 'text', 'in_progress', NULL, NULL, 'removed', '2025-07-11 01:42:48'),
	(1001, 165, 116, 'status_description', 'text', 'status 1', NULL, NULL, 'removed', '2025-07-11 01:42:48'),
	(1002, 165, 117, 'target_number', 'text', '121', NULL, NULL, 'removed', '2025-07-11 01:42:48'),
	(1003, 165, 117, 'target_description', 'text', 'target 222', NULL, NULL, 'removed', '2025-07-11 01:42:48'),
	(1004, 165, 117, 'status_indicator', 'text', 'in_progress', NULL, NULL, 'removed', '2025-07-11 01:42:48'),
	(1005, 168, 120, 'target_description', 'text', 'target test 1', 'target test 1.1', NULL, 'modified', '2025-07-11 02:34:23'),
	(1006, 168, 120, 'status_indicator', 'text', 'in_progress', 'not_started', NULL, 'modified', '2025-07-11 02:34:23'),
	(1007, 168, 120, 'remarks', 'text', NULL, '', NULL, 'modified', '2025-07-11 02:34:23'),
	(1008, 169, 120, 'status_indicator', 'text', 'not_started', 'in_progress', NULL, 'modified', '2025-07-11 02:37:27'),
	(1009, 170, 120, 'start_date', 'date', NULL, '2025-07-04', NULL, 'modified', '2025-07-11 02:38:04'),
	(1010, 170, 120, 'end_date', 'date', NULL, '2025-07-11', NULL, 'modified', '2025-07-11 02:38:04'),
	(1011, 171, 121, 'target_number', 'text', NULL, '31.2.2', NULL, 'added', '2025-07-11 02:38:57'),
	(1012, 171, 121, 'target_description', 'text', NULL, 'target lagi', NULL, 'added', '2025-07-11 02:38:57'),
	(1013, 171, 121, 'status_indicator', 'text', NULL, 'delayed', NULL, 'added', '2025-07-11 02:38:57'),
	(1014, 171, 121, 'status_description', 'text', NULL, 'statusss', NULL, 'added', '2025-07-11 02:38:57'),
	(1015, 171, 121, 'remarks', 'text', NULL, 'reamsksks', NULL, 'added', '2025-07-11 02:38:57'),
	(1016, 171, 121, 'start_date', 'date', NULL, '2025-07-04', NULL, 'added', '2025-07-11 02:38:57'),
	(1017, 171, 121, 'end_date', 'date', NULL, '2025-07-18', NULL, 'added', '2025-07-11 02:38:57'),
	(1018, 172, 118, 'target_number', 'text', '999', '', NULL, 'modified', '2025-07-11 02:56:37'),
	(1019, 172, 119, 'target_number', 'text', '121', '', NULL, 'modified', '2025-07-11 02:56:37');

-- Dumping structure for table pcds2030_db.audit_logs
CREATE TABLE IF NOT EXISTS `audit_logs` (
  `id` int NOT NULL AUTO_INCREMENT,
  `user_id` int NOT NULL,
  `action` varchar(128) NOT NULL,
  `details` text,
  `ip_address` varchar(45) DEFAULT NULL,
  `status` varchar(16) NOT NULL,
  `created_at` datetime DEFAULT CURRENT_TIMESTAMP,
  PRIMARY KEY (`id`),
  KEY `action` (`action`),
  KEY `created_at` (`created_at`),
  KEY `user_id` (`user_id`),
  KEY `idx_entity_operation` (`action`,`created_at`)
) ENGINE=InnoDB AUTO_INCREMENT=156 DEFAULT CHARSET=utf8mb4 COLLATE=utf8mb4_0900_ai_ci;

-- Dumping data for table pcds2030_db.audit_logs: ~153 rows (approximately)
INSERT INTO `audit_logs` (`id`, `user_id`, `action`, `details`, `ip_address`, `status`, `created_at`) VALUES
	(1, 12, 'create_program_failed', 'Program Name: adasdas | Error: Unknown column \'start_date\' in \'field list\'', '127.0.0.1', 'failure', '2025-07-05 13:02:34'),
	(2, 12, 'logout', 'User logged out', '127.0.0.1', 'success', '2025-07-05 13:04:08'),
	(3, 1, 'login_success', 'Username: admin', '127.0.0.1', 'success', '2025-07-05 13:05:25'),
	(4, 1, 'login_success', 'Username: admin', '127.0.0.1', 'success', '2025-07-05 23:04:50'),
	(5, 1, 'create_program', 'Entity ID: 999', '127.0.0.1', 'success', '2025-07-05 23:34:01'),
	(6, 1, 'update_program', 'Entity ID: 999', '127.0.0.1', 'success', '2025-07-05 23:34:01'),
	(7, 1, 'delete_program', 'Entity ID: 999', '127.0.0.1', 'success', '2025-07-05 23:34:01'),
	(8, 1, 'audit_log_access', 'Successfully accessed audit logs (Page 1, 25 per page, 7 total records). Filters: No filters applied', '127.0.0.1', 'success', '2025-07-05 23:34:28'),
	(9, 1, 'audit_log_access', 'Successfully accessed audit logs (Page 1, 25 per page, 8 total records). Filters: No filters applied', '127.0.0.1', 'success', '2025-07-05 23:38:09'),
	(10, 1, 'create_program', 'Created new program: Enhanced Forestry Program', '0.0.0.0', 'success', '2025-07-05 23:38:27'),
	(11, 1, 'update_program', 'Updated program: Updated Enhanced Forestry Program', '0.0.0.0', 'success', '2025-07-05 23:38:27'),
	(12, 1, 'delete_program', 'Deleted program: Updated Enhanced Forestry Program', '0.0.0.0', 'success', '2025-07-05 23:38:27'),
	(13, 1, 'update_program', 'Updated program: ID: 888 | Changes: {"status":"active"}', '0.0.0.0', 'success', '2025-07-05 23:38:27'),
	(14, 1, 'create_program', 'Created new program: Enhanced Forestry Program', '127.0.0.1', 'success', '2025-07-05 23:39:09'),
	(15, 1, 'update_program', 'Updated program: Updated Enhanced Forestry Program', '127.0.0.1', 'success', '2025-07-05 23:39:09'),
	(16, 1, 'delete_program', 'Deleted program: Updated Enhanced Forestry Program', '127.0.0.1', 'success', '2025-07-05 23:39:09'),
	(17, 1, 'update_program', 'Updated program: ID: 888 | Changes: {"status":"active"}', '127.0.0.1', 'success', '2025-07-05 23:39:09'),
	(18, 1, 'audit_log_access', 'Successfully accessed audit logs (Page 1, 25 per page, 17 total records). Filters: No filters applied', '127.0.0.1', 'success', '2025-07-05 23:39:27'),
	(19, 1, 'audit_log_access', 'Successfully accessed audit logs (Page 1, 25 per page, 18 total records). Filters: No filters applied', '127.0.0.1', 'success', '2025-07-05 23:43:43'),
	(20, 1, 'audit_log_access', 'Successfully accessed audit logs (Page 1, 25 per page, 19 total records). Filters: No filters applied', '127.0.0.1', 'success', '2025-07-05 23:52:10'),
	(21, 1, 'audit_log_access', 'Successfully accessed audit logs (Page 1, 25 per page, 20 total records). Filters: No filters applied', '127.0.0.1', 'success', '2025-07-05 23:59:06'),
	(22, 1, 'audit_log_access', 'Successfully accessed audit logs (Page 1, 25 per page, 21 total records). Filters: No filters applied', '127.0.0.1', 'success', '2025-07-06 00:08:29'),
	(23, 1, 'audit_log_access', 'Successfully accessed audit logs (Page 1, 25 per page, 22 total records). Filters: No filters applied', '127.0.0.1', 'success', '2025-07-06 00:14:34'),
	(24, 1, 'audit_log_access', 'Successfully accessed audit logs (Page 1, 25 per page, 23 total records). Filters: No filters applied', '127.0.0.1', 'success', '2025-07-06 00:28:25'),
	(25, 1, 'audit_log_access', 'Successfully accessed audit logs (Page 1, 25 per page, 24 total records). Filters: No filters applied', '127.0.0.1', 'success', '2025-07-06 00:37:38'),
	(26, 1, 'audit_log_access', 'Successfully accessed audit logs (Page 1, 25 per page, 25 total records). Filters: No filters applied', '127.0.0.1', 'success', '2025-07-06 00:38:24'),
	(27, 1, 'audit_log_access', 'Successfully accessed audit logs (Page 1, 25 per page, 26 total records). Filters: No filters applied', '127.0.0.1', 'success', '2025-07-06 00:39:29'),
	(28, 1, 'audit_log_access', 'Successfully accessed audit logs (Page 1, 25 per page, 27 total records). Filters: No filters applied', '127.0.0.1', 'success', '2025-07-06 00:41:40'),
	(29, 1, 'audit_log_access', 'Successfully accessed audit logs (Page 1, 25 per page, 28 total records). Filters: No filters applied', '127.0.0.1', 'success', '2025-07-06 00:42:32'),
	(30, 1, 'audit_log_access', 'Successfully accessed audit logs (Page 1, 25 per page, 29 total records). Filters: No filters applied', '127.0.0.1', 'success', '2025-07-06 00:44:17'),
	(31, 1, 'audit_log_access', 'Successfully accessed audit logs (Page 1, 25 per page, 19 total records). Filters: Date from: 2025-06-05, Date to: 2025-07-05, User: admin', '127.0.0.1', 'success', '2025-07-06 00:44:43'),
	(32, 1, 'audit_log_access', 'Successfully accessed audit logs (Page 1, 25 per page, 21 total records). Filters: Date from: 2025-06-05, Date to: 2025-07-05', '127.0.0.1', 'success', '2025-07-06 00:44:50'),
	(33, 1, 'audit_log_access', 'Successfully accessed audit logs (Page 1, 25 per page, 2 total records). Filters: Date from: 2025-06-05, Date to: 2025-07-05, User: stidc', '127.0.0.1', 'success', '2025-07-06 00:45:03'),
	(34, 1, 'audit_log_access', 'Successfully accessed audit logs (Page 1, 25 per page, 33 total records). Filters: No filters applied', '127.0.0.1', 'success', '2025-07-06 00:48:10'),
	(35, 1, 'audit_log_access', 'Successfully accessed audit logs (Page 1, 25 per page, 21 total records). Filters: Date from: 2025-06-05, Date to: 2025-07-05', '127.0.0.1', 'success', '2025-07-06 00:48:17'),
	(36, 1, 'audit_log_access', 'Successfully accessed audit logs (Page 1, 25 per page, 35 total records). Filters: No filters applied', '127.0.0.1', 'success', '2025-07-06 00:56:47'),
	(37, 1, 'audit_log_access', 'Successfully accessed audit logs (Page 1, 25 per page, 36 total records). Filters: No filters applied', '127.0.0.1', 'success', '2025-07-06 01:00:19'),
	(38, 1, 'login_success', 'Username: admin', '127.0.0.1', 'success', '2025-07-06 09:43:02'),
	(39, 1, 'toggle_period_status', 'Changed status of period: quarter 1 2025 (ID: 1) from open to closed', '127.0.0.1', 'success', '2025-07-06 09:54:35'),
	(40, 1, 'create_period', 'Created reporting period: Yearly 1 2025 (ID: 17, Status: closed)', '127.0.0.1', 'success', '2025-07-06 10:51:09'),
	(41, 1, 'delete_period', 'Exception during period deletion (ID: 17). Error: Unknown column \'id\' in \'field list\'', '127.0.0.1', 'failure', '2025-07-06 10:59:31'),
	(42, 1, 'delete_period', 'Deleted reporting period: yearly 1 2025 (ID: 17, Status: closed)', '127.0.0.1', 'success', '2025-07-06 11:05:28'),
	(43, 1, 'login_failure', 'Username: admin | Reason: Invalid password', '127.0.0.1', 'failure', '2025-07-06 19:02:41'),
	(44, 1, 'login_success', 'Username: admin', '127.0.0.1', 'success', '2025-07-06 19:02:47'),
	(45, 1, 'logout', 'User logged out', '127.0.0.1', 'success', '2025-07-06 21:56:25'),
	(46, 12, 'login_success', 'Username: user', '127.0.0.1', 'success', '2025-07-06 21:56:31'),
	(47, 12, 'login_success', 'Username: user', '127.0.0.1', 'success', '2025-07-09 08:31:21'),
	(48, 1, 'login_success', 'Username: admin', '127.0.0.1', 'success', '2025-07-09 10:29:46'),
	(49, 12, 'login_success', 'Username: user', '127.0.0.1', 'success', '2025-07-09 10:36:27'),
	(50, 12, 'login_success', 'Username: user', '127.0.0.1', 'success', '2025-07-09 11:28:45'),
	(51, 12, 'create_program', 'Program Name: testing 1 (no dates) | Program ID: 4 | Program Number: 31.A', '127.0.0.1', 'success', '2025-07-09 11:47:49'),
	(52, 12, 'create_program', 'Program Name: testing 2 (with dates) | Program ID: 5 | Program Number: 31.B', '127.0.0.1', 'success', '2025-07-09 11:50:37'),
	(53, 12, 'create_program', 'Program Name: testing 3 | Program ID: 6 | Program Number: 31.C', '127.0.0.1', 'success', '2025-07-09 12:01:19'),
	(54, 12, 'delete_program', 'Program Name: testing 3 | Program ID: 6', '127.0.0.1', 'success', '2025-07-09 12:04:34'),
	(55, 12, 'create_program_failed', 'Program Name: testing 3 (date again) | Error: Incorrect date value: \'2025\' for column \'start_date\' at row 1', '127.0.0.1', 'failure', '2025-07-09 13:47:34'),
	(56, 12, 'create_program_failed', 'Program Name: testing 3 (date again) | Error: Incorrect date value: \'2025\' for column \'start_date\' at row 1', '127.0.0.1', 'failure', '2025-07-09 13:47:43'),
	(57, 12, 'create_program_failed', 'Program Name: testing 3 (dates) | Error: Incorrect date value: \'2025\' for column \'start_date\' at row 1', '127.0.0.1', 'failure', '2025-07-09 13:48:59'),
	(58, 12, 'create_program_failed', 'Program Name: testing 3 (dates) | Error: Incorrect date value: \'2025\' for column \'start_date\' at row 1', '127.0.0.1', 'failure', '2025-07-09 13:52:23'),
	(59, 12, 'create_program_failed', 'Program Name: adasdsa | Error: Incorrect date value: \'2025\' for column \'start_date\' at row 1', '127.0.0.1', 'failure', '2025-07-09 13:52:45'),
	(60, 12, 'create_program_failed', 'Program Name: adasdsa | Error: Incorrect date value: \'2025\' for column \'start_date\' at row 1', '127.0.0.1', 'failure', '2025-07-09 13:54:40'),
	(61, 12, 'create_program_failed', 'Program Name: xczzcszc | Error: Column \'initiative_id\' cannot be null', '127.0.0.1', 'failure', '2025-07-09 13:55:00'),
	(62, 12, 'create_program_failed', 'Program Name: xczzcszc | Error: Incorrect date value: \'2025\' for column \'start_date\' at row 1', '127.0.0.1', 'failure', '2025-07-09 13:55:34'),
	(63, 12, 'create_program_failed', 'Program Name: fasfasf | Error: Incorrect date value: \'2025\' for column \'start_date\' at row 1', '127.0.0.1', 'failure', '2025-07-09 13:58:11'),
	(64, 12, 'create_program_failed', 'Program Name: fasfasf | Error: Incorrect date value: \'2025\' for column \'start_date\' at row 1', '127.0.0.1', 'failure', '2025-07-09 14:01:03'),
	(65, 12, 'create_program', 'Program Name: dasdasd | Program ID: 7 | Program Number: 31.D', '127.0.0.1', 'success', '2025-07-09 14:01:42'),
	(66, 12, 'delete_program', 'Program Name: dasdasd | Program ID: 7', '127.0.0.1', 'success', '2025-07-09 14:02:01'),
	(67, 12, 'create_program_failed', 'Program Name: zxzczx | Error: Incorrect date value: \'2025\' for column \'start_date\' at row 1', '127.0.0.1', 'failure', '2025-07-09 14:04:15'),
	(68, 12, 'create_program_failed', 'Program Name: asdasas | Error: Incorrect date value: \'2025\' for column \'start_date\' at row 1', '127.0.0.1', 'failure', '2025-07-09 14:04:52'),
	(69, 12, 'create_program_failed', 'Program Name: asdasas | Error: Incorrect date value: \'2025\' for column \'start_date\' at row 1', '127.0.0.1', 'failure', '2025-07-09 14:05:37'),
	(70, 12, 'create_program_failed', 'Program Name: asfasfasfas | Error: Incorrect date value: \'2025\' for column \'start_date\' at row 1', '127.0.0.1', 'failure', '2025-07-09 14:06:41'),
	(71, 12, 'create_program_failed', 'Program Name: adasdas | Error: Incorrect date value: \'2025\' for column \'start_date\' at row 1', '127.0.0.1', 'failure', '2025-07-09 14:08:22'),
	(72, 12, 'create_program_failed', 'Program Name: adasdas | Error: Incorrect date value: \'2025\' for column \'start_date\' at row 1', '127.0.0.1', 'failure', '2025-07-09 14:24:32'),
	(73, 12, 'create_program_failed', 'Program Name: dadasdas | Error: Incorrect date value: \'2025\' for column \'start_date\' at row 1', '127.0.0.1', 'failure', '2025-07-09 14:34:10'),
	(74, 12, 'create_program_failed', 'Program Name: dadasdas | Error: Incorrect date value: \'2025\' for column \'start_date\' at row 1', '127.0.0.1', 'failure', '2025-07-09 14:35:32'),
	(75, 12, 'create_program_failed', 'Program Name: afasas | Error: Incorrect date value: \'2025\' for column \'start_date\' at row 1', '127.0.0.1', 'failure', '2025-07-09 14:35:57'),
	(76, 12, 'create_program_failed', 'Program Name: afasfas | Error: Incorrect date value: \'2025\' for column \'start_date\' at row 1', '127.0.0.1', 'failure', '2025-07-09 14:40:11'),
	(77, 12, 'create_program', 'Program Name: adasdas | Program ID: 8 | Program Number: 31.D', '127.0.0.1', 'success', '2025-07-09 14:44:55'),
	(78, 12, 'delete_program', 'Program Name: adasdas | Program ID: 8', '127.0.0.1', 'success', '2025-07-09 14:46:45'),
	(79, 12, 'create_program', 'Program Name: testing 3 | Program ID: 9 | Program Number: 31.D', '127.0.0.1', 'success', '2025-07-09 14:47:13'),
	(80, 12, 'logout', 'User logged out', '127.0.0.1', 'success', '2025-07-09 14:52:17'),
	(81, 12, 'login_success', 'Username: user', '127.0.0.1', 'success', '2025-07-09 14:52:27'),
	(82, 12, 'update_program', 'Program Name: testing 3A | Program ID: 9 | Program Number: 31.D', '127.0.0.1', 'success', '2025-07-09 16:01:12'),
	(83, 12, 'login_success', 'Username: user', '127.0.0.1', 'success', '2025-07-09 20:47:44'),
	(84, 12, 'login_success', 'Username: user', '127.0.0.1', 'success', '2025-07-09 21:04:47'),
	(85, 12, 'create_program', 'Program Name: program testing target | Program ID: 10 | Program Number: 31.X', '127.0.0.1', 'success', '2025-07-09 21:49:25'),
	(86, 12, 'login_success', 'Username: user', '127.0.0.1', 'success', '2025-07-10 07:55:59'),
	(87, 12, 'delete_program', 'Program Name: testing 3A | Program ID: 9', '127.0.0.1', 'success', '2025-07-10 08:17:27'),
	(88, 12, 'logout', 'User logged out', '127.0.0.1', 'success', '2025-07-10 09:43:04'),
	(89, 12, 'login_success', 'Username: user', '127.0.0.1', 'success', '2025-07-10 09:43:10'),
	(90, 12, 'delete_program', 'Program Name: testing 1 (no dates) | Program ID: 4', '127.0.0.1', 'success', '2025-07-10 09:54:19'),
	(91, 12, 'update_submission', 'Updated submission ID: 3 for program ID: 10', '127.0.0.1', 'success', '2025-07-10 11:26:19'),
	(92, 12, 'logout', 'User logged out', '127.0.0.1', 'success', '2025-07-10 11:27:32'),
	(93, 1, 'login_success', 'Username: admin', '127.0.0.1', 'success', '2025-07-10 11:27:39'),
	(94, 12, 'login_success', 'Username: user', '127.0.0.1', 'success', '2025-07-10 11:33:58'),
	(96, 12, 'create_program', 'Program Name: dsadsa | Program ID: 11 | Program Number: 1.1.11.1', '127.0.0.1', 'success', '2025-07-10 11:54:44'),
	(97, 12, 'update_submission', 'Updated submission ID: 4 for program ID: 11', '127.0.0.1', 'success', '2025-07-10 13:44:40'),
	(98, 12, 'delete_program', 'Program Name: dsadsa | Program ID: 11', '127.0.0.1', 'success', '2025-07-10 13:46:02'),
	(99, 12, 'delete_program', 'Program Name: program testing target | Program ID: 10', '127.0.0.1', 'success', '2025-07-10 13:46:06'),
	(100, 12, 'delete_program', 'Program Name: testing 2 (with dates) | Program ID: 5', '127.0.0.1', 'success', '2025-07-10 13:46:12'),
	(101, 12, 'create_program', 'Program Name: program A | Program ID: 12 | Program Number: 31.A', '127.0.0.1', 'success', '2025-07-10 13:46:47'),
	(102, 12, 'update_submission', 'Updated submission ID: 5 for program ID: 12', '127.0.0.1', 'success', '2025-07-10 13:48:09'),
	(103, 12, 'update_submission', 'Updated submission ID: 5 for program ID: 12', '127.0.0.1', 'success', '2025-07-10 14:00:26'),
	(104, 12, 'update_submission', 'Updated submission ID: 5 for program ID: 12', '127.0.0.1', 'success', '2025-07-10 14:22:42'),
	(106, 12, 'update_submission', 'Updated submission ID: 5 for program ID: 12', '127.0.0.1', 'success', '2025-07-10 14:31:00'),
	(107, 12, 'update_submission', 'Updated submission ID: 5 for program ID: 12', '127.0.0.1', 'success', '2025-07-10 14:38:16'),
	(108, 12, 'update_submission', 'Updated submission ID: 5 for program ID: 12', '127.0.0.1', 'success', '2025-07-10 14:38:33'),
	(109, 12, 'update_submission', 'Updated submission ID: 5 for program ID: 12', '127.0.0.1', 'success', '2025-07-10 14:43:53'),
	(110, 12, 'update_submission', 'Updated submission ID: 5 for program ID: 12', '127.0.0.1', 'success', '2025-07-10 14:45:58'),
	(111, 12, 'update_submission', 'Updated submission ID: 5 for program ID: 12', '127.0.0.1', 'success', '2025-07-10 14:48:16'),
	(112, 12, 'update_submission', 'Updated submission ID: 5 for program ID: 12', '127.0.0.1', 'success', '2025-07-10 14:53:19'),
	(113, 12, 'update_submission', 'Updated submission ID: 5 for program ID: 12', '127.0.0.1', 'success', '2025-07-10 14:53:46'),
	(114, 12, 'update_submission', 'Updated submission ID: 5 for program ID: 12', '127.0.0.1', 'success', '2025-07-10 14:54:18'),
	(115, 12, 'update_submission', 'Updated submission ID: 5 for program ID: 12', '127.0.0.1', 'success', '2025-07-10 15:50:48'),
	(116, 12, 'update_submission', 'Updated submission ID: 5 for program ID: 12', '127.0.0.1', 'success', '2025-07-10 16:05:06'),
	(117, 12, 'update_submission', 'Updated submission ID: 5 for program ID: 12', '127.0.0.1', 'success', '2025-07-10 16:09:24'),
	(120, 12, 'login_success', 'Username: user', '127.0.0.1', 'success', '2025-07-10 20:51:44'),
	(122, 12, 'update_submission', 'Updated submission ID: 5 for program ID: 12', '127.0.0.1', 'success', '2025-07-10 20:56:57'),
	(123, 12, 'update_submission', 'Updated submission ID: 5 for program ID: 12', '127.0.0.1', 'success', '2025-07-10 20:57:13'),
	(124, 12, 'update_submission', 'Updated submission ID: 5 for program ID: 12', '127.0.0.1', 'success', '2025-07-10 20:58:47'),
	(125, 12, 'update_submission', 'Updated submission ID: 5 for program ID: 12', '127.0.0.1', 'success', '2025-07-10 20:59:05'),
	(126, 12, 'update_submission', 'Updated submission ID: 5 for program ID: 12', '127.0.0.1', 'success', '2025-07-10 21:14:05'),
	(127, 12, 'update_submission', 'Updated submission ID: 5 for program ID: 12', '127.0.0.1', 'success', '2025-07-10 21:14:37'),
	(128, 12, 'attachment_deleted', 'Attachment \'Forestry_Q5-2025_20250709030726.pptx\' deleted from program ID: ', '127.0.0.1', 'success', '2025-07-10 21:19:53'),
	(129, 12, 'update_submission', 'Updated submission ID: 5 for program ID: 12', '127.0.0.1', 'success', '2025-07-10 21:20:29'),
	(130, 12, 'update_submission', 'Updated submission ID: 5 for program ID: 12', '127.0.0.1', 'success', '2025-07-10 21:29:37'),
	(131, 12, 'logout', 'User logged out', '127.0.0.1', 'success', '2025-07-10 21:42:44'),
	(132, 12, 'login_success', 'Username: user', '127.0.0.1', 'success', '2025-07-10 21:42:55'),
	(133, 12, 'update_submission', 'Updated submission ID: 5 for program ID: 12', '127.0.0.1', 'success', '2025-07-10 21:53:47'),
	(134, 12, 'update_submission', 'Updated submission ID: 5 for program ID: 12', '127.0.0.1', 'success', '2025-07-10 21:58:03'),
	(135, 12, 'update_submission', 'Updated submission ID: 5 for program ID: 12', '127.0.0.1', 'success', '2025-07-10 21:58:36'),
	(136, 12, 'update_submission', 'Updated submission ID: 5 for program ID: 12', '127.0.0.1', 'success', '2025-07-10 21:58:52'),
	(137, 12, 'update_submission', 'Updated submission ID: 5 for program ID: 12', '127.0.0.1', 'success', '2025-07-10 21:59:16'),
	(138, 12, 'update_submission', 'Updated submission ID: 5 for program ID: 12', '127.0.0.1', 'success', '2025-07-10 21:59:28'),
	(139, 12, 'update_submission', 'Updated submission ID: 5 for program ID: 12', '127.0.0.1', 'success', '2025-07-10 21:59:31'),
	(140, 12, 'update_submission', 'Updated submission ID: 5 for program ID: 12', '127.0.0.1', 'success', '2025-07-10 22:02:41'),
	(141, 12, 'update_submission', 'Updated submission ID: 5 for program ID: 12', '127.0.0.1', 'success', '2025-07-10 22:03:10'),
	(142, 12, 'update_submission', 'Updated submission ID: 5 for program ID: 12', '127.0.0.1', 'success', '2025-07-10 22:06:59'),
	(143, 12, 'update_submission', 'Updated submission ID: 5 for program ID: 12', '127.0.0.1', 'success', '2025-07-10 22:07:15'),
	(144, 12, 'login_success', 'Username: user', '127.0.0.1', 'success', '2025-07-10 22:08:25'),
	(145, 12, 'update_submission', 'Updated submission ID: 5 for program ID: 12', '127.0.0.1', 'success', '2025-07-10 22:08:39'),
	(146, 12, 'update_submission', 'Updated submission ID: 5 for program ID: 12', '127.0.0.1', 'success', '2025-07-10 22:09:37'),
	(147, 12, 'update_submission', 'Updated submission ID: 5 for program ID: 12', '127.0.0.1', 'success', '2025-07-10 22:13:08'),
	(148, 12, 'update_submission', 'Updated submission ID: 5 for program ID: 12', '127.0.0.1', 'success', '2025-07-10 22:14:40'),
	(149, 12, 'update_submission', 'Updated submission ID: 5 for program ID: 12', '127.0.0.1', 'success', '2025-07-10 22:14:56'),
	(150, 12, 'update_submission', 'Updated submission ID: 5 for program ID: 12', '127.0.0.1', 'success', '2025-07-10 22:18:15'),
	(151, 12, 'update_submission', 'Updated submission ID: 5 for program ID: 12', '127.0.0.1', 'success', '2025-07-10 22:18:21'),
	(152, 12, 'update_submission', 'Updated submission ID: 5 for program ID: 12', '127.0.0.1', 'success', '2025-07-10 23:00:11'),
	(153, 12, 'update_submission', 'Updated submission ID: 5 for program ID: 12', '127.0.0.1', 'success', '2025-07-10 23:00:15'),
	(154, 12, 'logout', 'User logged out', '127.0.0.1', 'success', '2025-07-10 23:51:32'),
	(155, 12, 'login_success', 'Username: user', '127.0.0.1', 'success', '2025-07-11 08:07:05'),
	(156, 12, 'create_program', 'Program Name: program B | Program ID: 13 | Program Number: 31.1', '127.0.0.1', 'success', '2025-07-11 09:08:00'),
	(157, 12, 'update_submission', 'Updated submission ID: 6 for program ID: 13', '127.0.0.1', 'success', '2025-07-11 09:09:40'),
	(158, 12, 'update_submission', 'Updated submission ID: 6 for program ID: 13', '127.0.0.1', 'success', '2025-07-11 09:11:43'),
	(159, 12, 'update_submission', 'Updated submission ID: 6 for program ID: 13', '127.0.0.1', 'success', '2025-07-11 09:16:04'),
	(160, 12, 'update_submission', 'Updated submission ID: 6 for program ID: 13', '127.0.0.1', 'success', '2025-07-11 09:35:38'),
	(161, 12, 'delete_program', 'Program Name: program A | Program ID: 12', '127.0.0.1', 'success', '2025-07-11 09:36:05'),
	(162, 12, 'delete_program', 'Program Name: program B | Program ID: 13', '127.0.0.1', 'success', '2025-07-11 09:36:08'),
	(163, 12, 'create_program', 'Program Name: program test 1 | Program ID: 14 | Program Number: 31.1', '127.0.0.1', 'success', '2025-07-11 09:36:32'),
	(164, 12, 'update_submission', 'Updated submission ID: 7 for program ID: 14', '127.0.0.1', 'success', '2025-07-11 09:38:12'),
	(165, 12, 'update_submission', 'Updated submission ID: 7 for program ID: 14', '127.0.0.1', 'success', '2025-07-11 09:42:48'),
	(166, 12, 'create_program', 'Program Name: program testing 2 | Program ID: 15 | Program Number: 31.2', '127.0.0.1', 'success', '2025-07-11 10:11:37'),
	(168, 12, 'update_submission', 'Updated submission ID: 8 for program ID: 15', '127.0.0.1', 'success', '2025-07-11 10:34:23'),
	(169, 12, 'update_submission', 'Updated submission ID: 8 for program ID: 15', '127.0.0.1', 'success', '2025-07-11 10:37:27'),
	(170, 12, 'update_submission', 'Updated submission ID: 8 for program ID: 15', '127.0.0.1', 'success', '2025-07-11 10:38:03'),
	(171, 12, 'update_submission', 'Updated submission ID: 8 for program ID: 15', '127.0.0.1', 'success', '2025-07-11 10:38:57'),
	(172, 12, 'update_submission', 'Updated submission ID: 7 for program ID: 14', '127.0.0.1', 'success', '2025-07-11 10:56:37');

-- Dumping structure for view pcds2030_db.audit_logs_with_changes
-- Creating temporary table to overcome VIEW dependency errors
CREATE TABLE `audit_logs_with_changes` (
	`id` INT(10) NOT NULL,
	`user_id` INT(10) NOT NULL,
	`action` VARCHAR(128) NOT NULL COLLATE 'utf8mb4_0900_ai_ci',
	`details` TEXT NULL COLLATE 'utf8mb4_0900_ai_ci',
	`ip_address` VARCHAR(45) NULL COLLATE 'utf8mb4_0900_ai_ci',
	`status` VARCHAR(16) NOT NULL COLLATE 'utf8mb4_0900_ai_ci',
	`created_at` DATETIME NULL,
	`username` VARCHAR(100) NULL COLLATE 'utf8mb4_0900_ai_ci',
	`fullname` VARCHAR(200) NULL COLLATE 'utf8mb4_0900_ai_ci',
	`agency_name` VARCHAR(255) NULL COLLATE 'utf8mb4_0900_ai_ci',
	`field_changes_count` BIGINT(19) NOT NULL,
	`field_changes_summary` TEXT NULL COLLATE 'utf8mb4_0900_ai_ci'
) ENGINE=MyISAM;

-- Dumping structure for table pcds2030_db.initiatives
CREATE TABLE IF NOT EXISTS `initiatives` (
  `initiative_id` int NOT NULL AUTO_INCREMENT,
  `initiative_name` varchar(255) NOT NULL,
  `initiative_number` varchar(20) DEFAULT NULL,
  `initiative_description` text,
  `start_date` date DEFAULT NULL,
  `end_date` date DEFAULT NULL,
  `is_active` tinyint NOT NULL DEFAULT '1',
  `created_by` int NOT NULL,
  `created_at` timestamp NOT NULL DEFAULT CURRENT_TIMESTAMP,
  `updated_at` timestamp NOT NULL DEFAULT CURRENT_TIMESTAMP ON UPDATE CURRENT_TIMESTAMP,
  PRIMARY KEY (`initiative_id`),
  KEY `idx_created_by` (`created_by`),
  KEY `idx_initiative_number` (`initiative_number`),
  KEY `idx_is_active` (`is_active`)
) ENGINE=InnoDB AUTO_INCREMENT=5 DEFAULT CHARSET=utf8mb4 COLLATE=utf8mb4_0900_ai_ci;

-- Dumping data for table pcds2030_db.initiatives: ~4 rows (approximately)
INSERT INTO `initiatives` (`initiative_id`, `initiative_name`, `initiative_number`, `initiative_description`, `start_date`, `end_date`, `is_active`, `created_by`, `created_at`, `updated_at`) VALUES
	(1, 'PCDS2030 Conservation Initiative', 'PCDS-CI-001', 'Primary conservation initiative for PCDS2030 strategic planning', NULL, NULL, 1, 1, '2025-06-23 14:16:15', '2025-06-23 14:16:15'),
	(2, 'inititative 1', '1', 'descirption of initative 1', '2025-06-17', '2025-06-24', 1, 1, '2025-06-24 02:03:01', '2025-07-06 13:55:06'),
	(3, 'Achieve world class recognition for biodiversity conservation and protected areas management', '31', 'description', '2021-01-01', '2030-12-31', 1, 1, '2025-06-24 07:11:35', '2025-06-24 07:11:35'),
	(4, 'something here', '12', '123', '2025-06-30', '2025-07-31', 1, 1, '2025-06-30 01:54:36', '2025-06-30 01:54:36');

-- Dumping structure for table pcds2030_db.notifications
CREATE TABLE IF NOT EXISTS `notifications` (
  `notification_id` int NOT NULL AUTO_INCREMENT,
  `user_id` int NOT NULL,
  `message` text NOT NULL,
  `type` varchar(50) NOT NULL DEFAULT 'update',
  `read_status` tinyint NOT NULL DEFAULT '0',
  `created_at` timestamp NOT NULL DEFAULT CURRENT_TIMESTAMP,
  `action_url` varchar(255) DEFAULT NULL,
  PRIMARY KEY (`notification_id`),
  KEY `user_id` (`user_id`),
  CONSTRAINT `notifications_ibfk_1` FOREIGN KEY (`user_id`) REFERENCES `users` (`user_id`)
) ENGINE=InnoDB DEFAULT CHARSET=utf8mb4 COLLATE=utf8mb4_0900_ai_ci;

-- Dumping data for table pcds2030_db.notifications: ~0 rows (approximately)

-- Dumping structure for table pcds2030_db.outcomes_details
CREATE TABLE IF NOT EXISTS `outcomes_details` (
  `detail_id` int NOT NULL AUTO_INCREMENT,
  `detail_name` varchar(255) NOT NULL,
  `display_config` json DEFAULT NULL COMMENT 'JSON configuration for display settings (charts, formatting, etc.)',
  `detail_json` longtext NOT NULL,
  `is_cumulative` tinyint NOT NULL DEFAULT '0',
  `created_at` timestamp NOT NULL DEFAULT CURRENT_TIMESTAMP,
  `updated_at` timestamp NOT NULL DEFAULT CURRENT_TIMESTAMP ON UPDATE CURRENT_TIMESTAMP,
  `is_important` tinyint DEFAULT '0' COMMENT 'Flag for important outcomes used in slide reports',
  `indicator_type` varchar(100) DEFAULT NULL,
  `agency_id` int DEFAULT NULL,
  PRIMARY KEY (`detail_id`),
  KEY `fk_outcomes_agency` (`agency_id`),
  KEY `idx_is_cumulative` (`is_cumulative`),
  KEY `idx_outcomes_details_important` (`is_important`),
  CONSTRAINT `fk_outcomes_agency` FOREIGN KEY (`agency_id`) REFERENCES `agency` (`agency_id`)
) ENGINE=InnoDB AUTO_INCREMENT=40 DEFAULT CHARSET=utf8mb4 COLLATE=utf8mb4_0900_ai_ci;

-- Dumping data for table pcds2030_db.outcomes_details: ~3 rows (approximately)
INSERT INTO `outcomes_details` (`detail_id`, `detail_name`, `display_config`, `detail_json`, `is_cumulative`, `created_at`, `updated_at`, `is_important`, `indicator_type`, `agency_id`) VALUES
	(19, 'TPA Protection & Biodiversity Conservation Programs (incl. community-based initiatives', NULL, '{\r\n  "layout_type": "simple",\r\n  "items": [\r\n    {\r\n      "value": "32",\r\n      "description": "On-going programs and initiatives by SFC (as of Sept 2024)"\r\n    }\r\n  ]\r\n}', 0, '2025-05-07 19:33:42', '2025-06-26 01:00:50', 1, 'conservation', 2),
	(21, 'Certification of FMU & FPMU', NULL, '{"layout_type":"simple","items":[{"value":"56.7%","description":"1,703,164 ha Certified (May 2025)"},{"value":"71.5%","description":"127,311 ha Certified (May 2025)"}]}', 0, '2025-05-07 19:40:32', '2025-06-28 01:22:53', 1, 'certification', 3),
	(39, 'Obtain world recognition for sustainable management practices and conservation effort', NULL, '{"layout_type": "comparison", "items": [{"label": "SDGP UNESCO Global Geopark", "value": "50%", "description": "(as of Sept 2024)"}, {"label": "Niah NP UNESCO World Heritage Site", "value": "100%", "description": "(as of Sept 2024)"}]}', 0, '2025-05-08 16:59:53', '2025-06-26 01:00:50', 1, 'recognition', 2);

-- Dumping structure for table pcds2030_db.programs
CREATE TABLE IF NOT EXISTS `programs` (
  `program_id` int NOT NULL AUTO_INCREMENT,
  `initiative_id` int DEFAULT NULL,
  `program_name` varchar(255) CHARACTER SET utf8mb4 COLLATE utf8mb4_general_ci NOT NULL,
  `program_number` varchar(50) CHARACTER SET utf8mb4 COLLATE utf8mb4_general_ci DEFAULT NULL,
  `rating` enum('monthly_target_achieved','on_track_for_year','severe_delay','not_started') COLLATE utf8mb4_general_ci DEFAULT 'not_started',
  `program_description` text CHARACTER SET utf8mb4 COLLATE utf8mb4_general_ci,
  `start_date` date DEFAULT NULL,
  `end_date` date DEFAULT NULL,
  `agency_id` int NOT NULL,
  `is_deleted` tinyint(1) DEFAULT '0',
  `created_by` int NOT NULL,
  `created_at` timestamp NULL DEFAULT CURRENT_TIMESTAMP,
  `updated_at` timestamp NULL DEFAULT CURRENT_TIMESTAMP ON UPDATE CURRENT_TIMESTAMP,
  PRIMARY KEY (`program_id`),
  KEY `initiative_id` (`initiative_id`),
  KEY `agency_id` (`agency_id`),
  KEY `created_by` (`created_by`),
  KEY `idx_program_number` (`program_number`),
  CONSTRAINT `programs_ibfk_1` FOREIGN KEY (`initiative_id`) REFERENCES `initiatives` (`initiative_id`),
  CONSTRAINT `programs_ibfk_2` FOREIGN KEY (`agency_id`) REFERENCES `agency` (`agency_id`),
  CONSTRAINT `programs_ibfk_3` FOREIGN KEY (`created_by`) REFERENCES `users` (`user_id`)
) ENGINE=InnoDB AUTO_INCREMENT=13 DEFAULT CHARSET=utf8mb4 COLLATE=utf8mb4_general_ci;

-- Dumping data for table pcds2030_db.programs: ~5 rows (approximately)
INSERT INTO `programs` (`program_id`, `initiative_id`, `program_name`, `program_number`, `rating`, `program_description`, `start_date`, `end_date`, `agency_id`, `is_deleted`, `created_by`, `created_at`, `updated_at`) VALUES
	(1, 1, 'Test Program - New Schema', NULL, 'not_started', 'Test description for new schema', NULL, NULL, 5, 0, 2, '2025-07-09 00:30:11', '2025-07-09 06:52:50'),
	(2, 1, 'Test Program - New Schema', NULL, 'not_started', 'Test description for new schema', NULL, NULL, 5, 0, 2, '2025-07-09 00:30:28', '2025-07-09 06:52:51'),
	(3, 1, 'Test Program - New Schema', NULL, 'not_started', 'Test description for new schema', NULL, NULL, 5, 0, 2, '2025-07-09 00:30:52', '2025-07-09 06:52:53'),
	(14, 3, 'program test 1', '31.1', 'not_started', 'summary', '2025-07-04', '2025-07-11', 5, 0, 12, '2025-07-11 01:36:32', '2025-07-11 01:36:32'),
	(15, 3, 'program testing 2', '31.2', 'not_started', 'brieffffff', '2025-07-04', '2025-07-11', 5, 0, 12, '2025-07-11 02:11:37', '2025-07-11 02:11:37');

-- Dumping structure for table pcds2030_db.program_attachments
CREATE TABLE IF NOT EXISTS `program_attachments` (
  `attachment_id` int NOT NULL AUTO_INCREMENT,
  `submission_id` int NOT NULL,
  `file_name` varchar(255) CHARACTER SET utf8mb4 COLLATE utf8mb4_general_ci NOT NULL,
  `file_path` varchar(255) CHARACTER SET utf8mb4 COLLATE utf8mb4_general_ci NOT NULL,
  `file_size` int DEFAULT NULL,
  `file_type` varchar(100) CHARACTER SET utf8mb4 COLLATE utf8mb4_general_ci DEFAULT NULL,
  `uploaded_by` int NOT NULL,
  `uploaded_at` timestamp NULL DEFAULT CURRENT_TIMESTAMP,
  `is_deleted` tinyint(1) DEFAULT '0',
  PRIMARY KEY (`attachment_id`),
  KEY `submission_id` (`submission_id`),
  KEY `uploaded_by` (`uploaded_by`),
  CONSTRAINT `program_attachments_ibfk_1` FOREIGN KEY (`submission_id`) REFERENCES `program_submissions` (`submission_id`) ON DELETE CASCADE,
  CONSTRAINT `program_attachments_ibfk_2` FOREIGN KEY (`uploaded_by`) REFERENCES `users` (`user_id`)
) ENGINE=InnoDB AUTO_INCREMENT=10 DEFAULT CHARSET=utf8mb4 COLLATE=utf8mb4_general_ci;

-- Dumping data for table pcds2030_db.program_attachments: ~1 rows (approximately)
INSERT INTO `program_attachments` (`attachment_id`, `submission_id`, `file_name`, `file_path`, `file_size`, `file_type`, `uploaded_by`, `uploaded_at`, `is_deleted`) VALUES
	(10, 7, 'Forestry_Q5-2025_20250709030726.pptx', '../../uploads/programs/attachments/7/1752202597_68707d65532d0.pptx', 149101, 'application/vnd.openxmlformats-officedocument.presentationml.presentation', 12, '2025-07-11 02:56:37', 0);

-- Dumping structure for table pcds2030_db.program_submissions
CREATE TABLE IF NOT EXISTS `program_submissions` (
  `submission_id` int NOT NULL AUTO_INCREMENT,
  `program_id` int NOT NULL,
  `period_id` int NOT NULL,
  `is_draft` tinyint(1) DEFAULT '1',
  `is_submitted` tinyint(1) DEFAULT '0',
  `description` text CHARACTER SET utf8mb4 COLLATE utf8mb4_general_ci,
  `submitted_by` int DEFAULT NULL,
  `submitted_at` timestamp NULL DEFAULT NULL,
  `updated_at` timestamp NULL DEFAULT CURRENT_TIMESTAMP ON UPDATE CURRENT_TIMESTAMP,
  `is_deleted` tinyint(1) DEFAULT '0',
  PRIMARY KEY (`submission_id`),
  KEY `program_id` (`program_id`),
  KEY `period_id` (`period_id`),
  KEY `submitted_by` (`submitted_by`),
  CONSTRAINT `program_submissions_ibfk_1` FOREIGN KEY (`program_id`) REFERENCES `programs` (`program_id`) ON DELETE CASCADE,
  CONSTRAINT `program_submissions_ibfk_2` FOREIGN KEY (`period_id`) REFERENCES `reporting_periods` (`period_id`) ON DELETE CASCADE,
  CONSTRAINT `program_submissions_ibfk_3` FOREIGN KEY (`submitted_by`) REFERENCES `users` (`user_id`)
) ENGINE=InnoDB AUTO_INCREMENT=6 DEFAULT CHARSET=utf8mb4 COLLATE=utf8mb4_general_ci;

-- Dumping data for table pcds2030_db.program_submissions: ~3 rows (approximately)
INSERT INTO `program_submissions` (`submission_id`, `program_id`, `period_id`, `is_draft`, `is_submitted`, `description`, `submitted_by`, `submitted_at`, `updated_at`, `is_deleted`) VALUES
	(1, 3, 3, 1, 0, 'Test description for new schema', 2, NULL, '2025-07-09 00:30:52', 0),
	(7, 14, 2, 1, 0, 'desssisis', 12, '2025-07-10 17:37:07', '2025-07-11 02:56:37', 0),
	(8, 15, 2, 1, 0, 'dsesse', 12, '2025-07-10 18:22:13', '2025-07-11 02:38:57', 0);

-- Dumping structure for table pcds2030_db.program_targets
CREATE TABLE IF NOT EXISTS `program_targets` (
  `target_id` int NOT NULL AUTO_INCREMENT,
  `target_number` varchar(50) CHARACTER SET utf8mb4 COLLATE utf8mb4_general_ci DEFAULT NULL,
  `submission_id` int NOT NULL,
  `target_description` text CHARACTER SET utf8mb4 COLLATE utf8mb4_general_ci,
  `status_indicator` enum('not_started','in_progress','completed','delayed') CHARACTER SET utf8mb4 COLLATE utf8mb4_general_ci DEFAULT 'not_started',
  `status_description` text CHARACTER SET utf8mb4 COLLATE utf8mb4_general_ci,
  `remarks` text CHARACTER SET utf8mb4 COLLATE utf8mb4_general_ci,
  `start_date` date DEFAULT NULL,
  `end_date` date DEFAULT NULL,
  `is_deleted` tinyint(1) DEFAULT '0',
  PRIMARY KEY (`target_id`),
  KEY `submission_id` (`submission_id`),
  KEY `idx_target_number` (`target_number`),
  CONSTRAINT `program_targets_ibfk_1` FOREIGN KEY (`submission_id`) REFERENCES `program_submissions` (`submission_id`) ON DELETE CASCADE
) ENGINE=InnoDB AUTO_INCREMENT=105 DEFAULT CHARSET=utf8mb4 COLLATE=utf8mb4_general_ci;

-- Dumping data for table pcds2030_db.program_targets: ~3 rows (approximately)
INSERT INTO `program_targets` (`target_id`, `target_number`, `submission_id`, `target_description`, `status_indicator`, `status_description`, `remarks`, `start_date`, `end_date`, `is_deleted`) VALUES
	(118, '', 7, 'target 112', 'in_progress', 'status 1', '', NULL, NULL, 0),
	(119, '', 7, 'target 222', 'in_progress', '', '', NULL, NULL, 0),
	(120, '31.2.1', 8, 'target test 1.1', 'in_progress', 'statusssss test 1', '', '2025-07-04', '2025-07-11', 0),
	(121, '31.2.2', 8, 'target lagi', 'delayed', 'statusss', 'reamsksks', '2025-07-04', '2025-07-18', 0);

-- Dumping structure for table pcds2030_db.program_user_assignments
CREATE TABLE IF NOT EXISTS `program_user_assignments` (
  `assignment_id` int NOT NULL AUTO_INCREMENT,
  `program_id` int NOT NULL,
  `user_id` int NOT NULL,
  `role` enum('editor','viewer') CHARACTER SET utf8mb4 COLLATE utf8mb4_general_ci DEFAULT 'editor',
  `assigned_at` timestamp NULL DEFAULT CURRENT_TIMESTAMP,
  PRIMARY KEY (`assignment_id`),
  KEY `program_id` (`program_id`),
  KEY `user_id` (`user_id`),
  CONSTRAINT `program_user_assignments_ibfk_1` FOREIGN KEY (`program_id`) REFERENCES `programs` (`program_id`) ON DELETE CASCADE,
  CONSTRAINT `program_user_assignments_ibfk_2` FOREIGN KEY (`user_id`) REFERENCES `users` (`user_id`) ON DELETE CASCADE
) ENGINE=InnoDB AUTO_INCREMENT=13 DEFAULT CHARSET=utf8mb4 COLLATE=utf8mb4_general_ci;

-- Dumping data for table pcds2030_db.program_user_assignments: ~4 rows (approximately)
INSERT INTO `program_user_assignments` (`assignment_id`, `program_id`, `user_id`, `role`, `assigned_at`) VALUES
	(1, 1, 2, 'editor', '2025-07-09 00:30:11'),
	(2, 2, 2, 'editor', '2025-07-09 00:30:28'),
	(3, 3, 2, 'editor', '2025-07-09 00:30:52'),
	(14, 14, 12, 'editor', '2025-07-11 01:36:32'),
	(15, 15, 12, 'editor', '2025-07-11 02:11:37');

-- Dumping structure for table pcds2030_db.reporting_periods
CREATE TABLE IF NOT EXISTS `reporting_periods` (
  `period_id` int NOT NULL AUTO_INCREMENT,
  `year` int NOT NULL,
  `period_type` enum('quarter','half','yearly') NOT NULL DEFAULT 'quarter',
  `period_number` int NOT NULL,
  `start_date` date NOT NULL,
  `end_date` date NOT NULL,
  `status` enum('open','closed') DEFAULT 'open',
  `updated_at` timestamp NOT NULL DEFAULT CURRENT_TIMESTAMP ON UPDATE CURRENT_TIMESTAMP,
  `created_at` timestamp NOT NULL DEFAULT CURRENT_TIMESTAMP,
  PRIMARY KEY (`period_id`),
  KEY `period_type_year_idx` (`period_type`,`year`),
  KEY `year_period_unique` (`year`,`period_type`,`period_number`),
  CONSTRAINT `chk_valid_period_numbers` CHECK ((((`period_type` = _utf8mb4'quarter') and (`period_number` between 1 and 4)) or ((`period_type` = _utf8mb4'half') and (`period_number` between 1 and 2)) or ((`period_type` = _utf8mb4'yearly') and (`period_number` = 1))))
) ENGINE=InnoDB AUTO_INCREMENT=20 DEFAULT CHARSET=utf8mb4 COLLATE=utf8mb4_0900_ai_ci;

-- Dumping data for table pcds2030_db.reporting_periods: ~7 rows (approximately)
INSERT INTO `reporting_periods` (`period_id`, `year`, `period_type`, `period_number`, `start_date`, `end_date`, `status`, `updated_at`, `created_at`) VALUES
	(1, 2025, 'quarter', 1, '2025-01-01', '2025-03-31', 'closed', '2025-07-06 01:54:35', '2025-04-17 02:54:12'),
	(2, 2025, 'quarter', 2, '2025-04-01', '2025-06-30', 'closed', '2025-07-01 00:29:54', '2025-04-17 02:54:12'),
	(3, 2025, 'quarter', 3, '2025-07-01', '2025-09-30', 'open', '2025-07-01 00:29:54', '2025-04-17 02:54:12'),
	(4, 2025, 'quarter', 4, '2025-10-01', '2025-12-31', 'closed', '2025-06-24 06:00:13', '2025-04-17 02:54:12'),
	(10, 2024, 'quarter', 2, '2024-04-01', '2024-06-30', 'closed', '2025-06-24 06:00:13', '2025-04-17 02:54:12'),
	(11, 2025, 'half', 1, '2025-01-01', '2025-06-30', 'closed', '2025-07-01 00:29:54', '2025-05-18 13:13:23'),
	(12, 2025, 'half', 2, '2025-07-01', '2025-12-31', 'open', '2025-07-01 00:29:54', '2025-05-18 13:13:23');

-- Dumping structure for table pcds2030_db.reports
CREATE TABLE IF NOT EXISTS `reports` (
  `report_id` int NOT NULL AUTO_INCREMENT,
  `period_id` int NOT NULL,
  `report_name` varchar(255) NOT NULL,
  `description` text,
  `pdf_path` varchar(255) NOT NULL,
  `pptx_path` varchar(255) NOT NULL,
  `generated_by` int NOT NULL,
  `generated_at` timestamp NOT NULL DEFAULT CURRENT_TIMESTAMP,
  `is_public` tinyint NOT NULL DEFAULT '0',
  PRIMARY KEY (`report_id`),
  KEY `generated_by` (`generated_by`),
  KEY `period_id` (`period_id`),
  CONSTRAINT `reports_ibfk_1` FOREIGN KEY (`period_id`) REFERENCES `reporting_periods` (`period_id`),
  CONSTRAINT `reports_ibfk_2` FOREIGN KEY (`generated_by`) REFERENCES `users` (`user_id`)
) ENGINE=InnoDB DEFAULT CHARSET=utf8mb4 COLLATE=utf8mb4_0900_ai_ci;

-- Dumping data for table pcds2030_db.reports: ~0 rows (approximately)

-- Dumping structure for table pcds2030_db.sector_outcomes_data
CREATE TABLE IF NOT EXISTS `sector_outcomes_data` (
  `id` int NOT NULL AUTO_INCREMENT,
  `metric_id` int NOT NULL,
  `outcome_type` enum('simple','complex') CHARACTER SET utf8mb4 COLLATE utf8mb4_unicode_ci NOT NULL DEFAULT 'complex' COMMENT 'Type of outcome: simple (value-based) or complex (table/chart-based)',
  `outcome_template_id` int NOT NULL DEFAULT '0' COMMENT 'References the outcome template/definition this record is based on',
  `display_config` json DEFAULT NULL COMMENT 'JSON configuration for display settings (charts, formatting, etc.)',
  `sector_id` int NOT NULL,
  `period_id` int DEFAULT NULL,
  `table_name` varchar(255) CHARACTER SET utf8mb4 COLLATE utf8mb4_unicode_ci NOT NULL,
  `data_json` longtext CHARACTER SET utf8mb4 COLLATE utf8mb4_bin NOT NULL,
  `is_draft` tinyint(1) DEFAULT '1',
  `created_at` timestamp NOT NULL DEFAULT CURRENT_TIMESTAMP,
  `updated_at` timestamp NOT NULL DEFAULT CURRENT_TIMESTAMP ON UPDATE CURRENT_TIMESTAMP,
  `submitted_by` int DEFAULT NULL,
  `is_important` tinyint(1) DEFAULT '0' COMMENT 'Flag for important outcomes used in slide reports',
  `table_structure_type` enum('monthly','quarterly','yearly','custom') CHARACTER SET utf8mb4 COLLATE utf8mb4_unicode_ci DEFAULT 'monthly' COMMENT 'Type of table structure: monthly (default), quarterly, yearly, or custom',
  `row_config` json DEFAULT NULL COMMENT 'JSON configuration for custom row definitions',
  `column_config` json DEFAULT NULL COMMENT 'JSON configuration for enhanced column definitions with types and units',
  PRIMARY KEY (`id`),
  UNIQUE KEY `metric_sector_draft` (`metric_id`,`sector_id`,`is_draft`),
  KEY `fk_period_id` (`period_id`),
  KEY `fk_submitted_by` (`submitted_by`),
  KEY `idx_sector_outcomes_important` (`is_important`,`sector_id`),
  KEY `idx_outcome_type` (`outcome_type`),
  KEY `idx_type_sector_draft` (`outcome_type`,`sector_id`,`is_draft`),
  KEY `idx_table_structure_type` (`table_structure_type`),
  KEY `idx_structure_sector_draft` (`table_structure_type`,`sector_id`,`is_draft`),
  CONSTRAINT `fk_submitted_by` FOREIGN KEY (`submitted_by`) REFERENCES `users` (`user_id`)
) ENGINE=InnoDB AUTO_INCREMENT=32 DEFAULT CHARSET=utf8mb4 COLLATE=utf8mb4_unicode_ci;

-- Dumping data for table pcds2030_db.sector_outcomes_data: ~0 rows (approximately)

-- Dumping structure for table pcds2030_db.users
CREATE TABLE IF NOT EXISTS `users` (
  `user_id` int NOT NULL AUTO_INCREMENT,
  `username` varchar(100) NOT NULL,
  `pw` varchar(255) NOT NULL,
  `fullname` varchar(200) DEFAULT NULL,
  `email` varchar(255) NOT NULL,
  `agency_id` int NOT NULL,
  `role` enum('admin','agency','focal') NOT NULL,
  `created_at` timestamp NOT NULL DEFAULT CURRENT_TIMESTAMP,
  `updated_at` timestamp NOT NULL DEFAULT CURRENT_TIMESTAMP ON UPDATE CURRENT_TIMESTAMP,
  `is_active` tinyint DEFAULT '1',
  PRIMARY KEY (`user_id`),
  KEY `agency_id` (`agency_id`),
  KEY `email` (`email`),
  KEY `username` (`username`),
  CONSTRAINT `users_ibfk_1` FOREIGN KEY (`agency_id`) REFERENCES `agency` (`agency_id`)
) ENGINE=InnoDB AUTO_INCREMENT=46 DEFAULT CHARSET=utf8mb4 COLLATE=utf8mb4_0900_ai_ci;

-- Dumping data for table pcds2030_db.users: ~13 rows (approximately)
INSERT INTO `users` (`user_id`, `username`, `pw`, `fullname`, `email`, `agency_id`, `role`, `created_at`, `updated_at`, `is_active`) VALUES
	(1, 'admin', '$2y$10$XsLEVjglthHpji3ONspyx.0YT/BxTe.fzDAUK4Jydg7oC8uQnc3V.', 'System Administrator', 'admin@pcds2030.gov.my', 4, 'admin', '2025-03-25 01:31:15', '2025-07-05 15:16:34', 1),
	(2, 'stidc1', '$2y$10$nQCMzJPe8xSV0F0uxFebeeNtFJnsCegdRJE7GEjpBmONWn/msBfI6', 'STIDC User 1', 'stidc1@stidc.gov.my', 1, 'focal', '2025-05-23 06:27:42', '2025-06-20 08:24:39', 1),
	(3, 'stidc2', '$2y$10$CNwb1EyKtXTU5GUlUg2Gx.7LVzWfCx822.REFoZzJYGTpvvfn2Xl.', 'STIDC User 2', 'stidc2@stidc.gov.my', 1, 'agency', '2025-05-23 06:28:07', '2025-05-23 06:28:07', 1),
	(4, 'stidc3', '$2y$10$GVVGb8qjco0WLrRLP7fSfONnblHVLyn8iidYe9Lvjrmwnaek.ycQG', 'STIDC User 3', 'stidc3@stidc.gov.my', 1, 'agency', '2025-05-23 06:28:38', '2025-05-23 06:28:38', 1),
	(5, 'sfc1', '$2y$10$SAn3DrSjO44o3jmamV56oOEIzNn2.ZZW.nrqhW.gqVGsCCwNqgxvi', 'SFC User 1', 'sfc1@sfc.gov.my', 2, 'focal', '2025-05-23 06:30:05', '2025-06-20 08:24:41', 1),
	(6, 'sfc2', '$2y$10$OpqdjpMR8/VPFT7FrVJTzuWpMRx5dtefXxXmPmTm5xQTRjYFnvr2m', 'SFC User 2', 'sfc2@sfc.gov.my', 2, 'agency', '2025-05-23 06:30:25', '2025-05-23 06:30:25', 1),
	(7, 'sfc3', '$2y$10$60AL8k9k5iAR6SlAWBooBOctJzbl2XBV6fVLw6ZhsfyhEfIIr7UkW', 'SFC User 3', 'sfc3@sfc.gov.my', 2, 'agency', '2025-05-23 06:30:51', '2025-05-23 06:30:51', 1),
	(8, 'fds1', '$2y$10$bua8hVx2q0f3cWjXr/2TVefQnh.51LMX4Fyfz3.zWDJGMyuUxEBpq', 'FDS User 1', 'fds1@fds.gov.my', 3, 'focal', '2025-05-23 06:31:31', '2025-06-20 08:24:43', 1),
	(9, 'fds2', '$2y$10$WWnKHgaCDo14MVBDogRpUOhu2sIHWkSfRC4NWuih9R3Uda/BrzSz.', 'FDS User 2', 'fds2@fds.gov.my', 3, 'focal', '2025-05-23 06:31:48', '2025-06-20 08:24:44', 1),
	(10, 'fds3', '$2y$10$3NE/RJmmL/98cmD4nffKJOcZxtl7Pu4q71P8QNgGVQMBeo.mAmTzG', 'FDS User 3', 'fds3@fds.gov.my', 3, 'focal', '2025-05-23 06:32:05', '2025-06-20 08:24:46', 1),
	(12, 'user', '$2y$10$/Z6xCsE7OknP.4HBT5CdBuWDZK5VNMf7MqwmGusJ0SM8xxaGQKdq2', 'Test User', 'user@test.gov.my', 5, 'focal', '2025-03-25 07:42:27', '2025-07-09 06:48:23', 1),
	(44, 'admin2', '$2y$10$XsLEVjglthHpji3ONspyx.0YT/BxTe.fzDAUK4Jydg7oC8uQnc3V.', 'Second Admin', 'admin2@pcds2030.gov.my', 1, 'admin', '2025-07-04 06:38:58', '2025-07-04 06:38:58', 1),
	(45, 'superadmin', '$2y$10$XsLEVjglthHpji3ONspyx.0YT/BxTe.fzDAUK4Jydg7oC8uQnc3V.', 'Super Admin', 'superadmin@pcds2030.gov.my', 1, 'admin', '2025-07-04 06:47:20', '2025-07-04 06:47:20', 1);

-- Dumping structure for view pcds2030_db.audit_logs_with_changes
-- Removing temporary table and create final VIEW structure
DROP TABLE IF EXISTS `audit_logs_with_changes`;
CREATE ALGORITHM=UNDEFINED SQL SECURITY DEFINER VIEW `audit_logs_with_changes` AS select `al`.`id` AS `id`,`al`.`user_id` AS `user_id`,`al`.`action` AS `action`,`al`.`details` AS `details`,`al`.`ip_address` AS `ip_address`,`al`.`status` AS `status`,`al`.`created_at` AS `created_at`,`u`.`username` AS `username`,`u`.`fullname` AS `fullname`,`a`.`agency_name` AS `agency_name`,count(`afc`.`change_id`) AS `field_changes_count`,group_concat(concat(`afc`.`field_name`,':',`afc`.`change_type`,':',coalesce(`afc`.`old_value`,'NULL'),'->',coalesce(`afc`.`new_value`,'NULL')) separator '|') AS `field_changes_summary` from (((`audit_logs` `al` left join `users` `u` on((`al`.`user_id` = `u`.`user_id`))) left join `agency` `a` on((`u`.`agency_id` = `a`.`agency_id`))) left join `audit_field_changes` `afc` on((`al`.`id` = `afc`.`audit_log_id`))) group by `al`.`id`,`al`.`user_id`,`al`.`action`,`al`.`details`,`al`.`ip_address`,`al`.`status`,`al`.`created_at`,`u`.`username`,`u`.`fullname`,`a`.`agency_name`;

/*!40103 SET TIME_ZONE=IFNULL(@OLD_TIME_ZONE, 'system') */;
/*!40101 SET SQL_MODE=IFNULL(@OLD_SQL_MODE, '') */;
/*!40014 SET FOREIGN_KEY_CHECKS=IFNULL(@OLD_FOREIGN_KEY_CHECKS, 1) */;
/*!40101 SET CHARACTER_SET_CLIENT=@OLD_CHARACTER_SET_CLIENT */;
/*!40111 SET SQL_NOTES=IFNULL(@OLD_SQL_NOTES, 1) */;
